patient_id,patch_id,x,y,role,sampling_method,calibration_fraction,repeat,seed
XZY,patch_x12656_y7280,12656,7280,test,spatial_stratified,0.01,130,20260855
XZY,patch_x12656_y7504,12656,7504,test,spatial_stratified,0.01,130,20260855
XZY,patch_x12656_y7728,12656,7728,test,spatial_stratified,0.01,130,20260855
XZY,patch_x12656_y7952,12656,7952,test,spatial_stratified,0.01,130,20260855
XZY,patch_x12880_y6160,12880,6160,test,spatial_stratified,0.01,130,20260855
XZY,patch_x12880_y6384,12880,6384,test,spatial_stratified,0.01,130,20260855
XZY,patch_x12880_y6608,12880,6608,test,spatial_stratified,0.01,130,20260855
XZY,patch_x12880_y6832,12880,6832,test,spatial_stratified,0.01,130,20260855
XZY,patch_x12880_y7056,12880,7056,test,spatial_stratified,0.01,130,20260855
XZY,patch_x12880_y7280,12880,7280,test,spatial_stratified,0.01,130,20260855
XZY,patch_x12880_y7504,12880,7504,test,spatial_stratified,0.01,130,20260855
XZY,patch_x12880_y7728,12880,7728,test,spatial_stratified,0.01,130,20260855
XZY,patch_x12880_y7952,12880,7952,test,spatial_stratified,0.01,130,20260855
XZY,patch_x12880_y8176,12880,8176,test,spatial_stratified,0.01,130,20260855
XZY,patch_x12880_y8400,12880,8400,test,spatial_stratified,0.01,130,20260855
XZY,patch_x13104_y5712,13104,5712,test,spatial_stratified,0.01,130,20260855
XZY,patch_x13104_y5936,13104,5936,test,spatial_stratified,0.01,130,20260855
XZY,patch_x13104_y6160,13104,6160,test,spatial_stratified,0.01,130,20260855
XZY,patch_x13104_y6384,13104,6384,test,spatial_stratified,0.01,130,20260855
XZY,patch_x13104_y6608,13104,6608,test,spatial_stratified,0.01,130,20260855
XZY,patch_x13104_y6832,13104,6832,test,spatial_stratified,0.01,130,20260855
XZY,patch_x13104_y7056,13104,7056,test,spatial_stratified,0.01,130,20260855
XZY,patch_x13104_y7280,13104,7280,test,spatial_stratified,0.01,130,20260855
XZY,patch_x13104_y7504,13104,7504,test,spatial_stratified,0.01,130,20260855
XZY,patch_x13104_y7728,13104,7728,test,spatial_stratified,0.01,130,20260855
XZY,patch_x13104_y7952,13104,7952,test,spatial_stratified,0.01,130,20260855
XZY,patch_x13104_y8176,13104,8176,test,spatial_stratified,0.01,130,20260855
XZY,patch_x13104_y8400,13104,8400,test,spatial_stratified,0.01,130,20260855
XZY,patch_x13104_y8624,13104,8624,test,spatial_stratified,0.01,130,20260855
XZY,patch_x13328_y5264,13328,5264,test,spatial_stratified,0.01,130,20260855
XZY,patch_x13328_y5488,13328,5488,test,spatial_stratified,0.01,130,20260855
XZY,patch_x13328_y5712,13328,5712,test,spatial_stratified,0.01,130,20260855
XZY,patch_x13328_y5936,13328,5936,test,spatial_stratified,0.01,130,20260855
XZY,patch_x13328_y6160,13328,6160,test,spatial_stratified,0.01,130,20260855
XZY,patch_x13328_y6384,13328,6384,test,spatial_stratified,0.01,130,20260855
XZY,patch_x13328_y6608,13328,6608,test,spatial_stratified,0.01,130,20260855
XZY,patch_x13328_y6832,13328,6832,test,spatial_stratified,0.01,130,20260855
XZY,patch_x13328_y7056,13328,7056,test,spatial_stratified,0.01,130,20260855
XZY,patch_x13328_y7280,13328,7280,test,spatial_stratified,0.01,130,20260855
XZY,patch_x13328_y7504,13328,7504,test,spatial_stratified,0.01,130,20260855
XZY,patch_x13328_y7728,13328,7728,test,spatial_stratified,0.01,130,20260855
XZY,patch_x13328_y7952,13328,7952,test,spatial_stratified,0.01,130,20260855
XZY,patch_x13328_y8176,13328,8176,test,spatial_stratified,0.01,130,20260855
XZY,patch_x13328_y8400,13328,8400,test,spatial_stratified,0.01,130,20260855
XZY,patch_x13328_y8624,13328,8624,test,spatial_stratified,0.01,130,20260855
XZY,patch_x13328_y8848,13328,8848,test,spatial_stratified,0.01,130,20260855
XZY,patch_x13552_y4816,13552,4816,calibration,spatial_stratified,0.01,130,20260855
XZY,patch_x13552_y5040,13552,5040,test,spatial_stratified,0.01,130,20260855
XZY,patch_x13552_y5264,13552,5264,test,spatial_stratified,0.01,130,20260855
XZY,patch_x13552_y5488,13552,5488,test,spatial_stratified,0.01,130,20260855
XZY,patch_x13552_y5712,13552,5712,test,spatial_stratified,0.01,130,20260855
XZY,patch_x13552_y5936,13552,5936,test,spatial_stratified,0.01,130,20260855
XZY,patch_x13552_y6160,13552,6160,test,spatial_stratified,0.01,130,20260855
XZY,patch_x13552_y6384,13552,6384,test,spatial_stratified,0.01,130,20260855
XZY,patch_x13552_y6608,13552,6608,test,spatial_stratified,0.01,130,20260855
XZY,patch_x13552_y6832,13552,6832,test,spatial_stratified,0.01,130,20260855
XZY,patch_x13552_y7056,13552,7056,test,spatial_stratified,0.01,130,20260855
XZY,patch_x13552_y7280,13552,7280,test,spatial_stratified,0.01,130,20260855
XZY,patch_x13552_y7504,13552,7504,test,spatial_stratified,0.01,130,20260855
XZY,patch_x13552_y7728,13552,7728,test,spatial_stratified,0.01,130,20260855
XZY,patch_x13552_y7952,13552,7952,test,spatial_stratified,0.01,130,20260855
XZY,patch_x13552_y8176,13552,8176,test,spatial_stratified,0.01,130,20260855
XZY,patch_x13552_y8400,13552,8400,test,spatial_stratified,0.01,130,20260855
XZY,patch_x13552_y8624,13552,8624,test,spatial_stratified,0.01,130,20260855
XZY,patch_x13552_y8848,13552,8848,test,spatial_stratified,0.01,130,20260855
XZY,patch_x13776_y4368,13776,4368,test,spatial_stratified,0.01,130,20260855
XZY,patch_x13776_y4592,13776,4592,test,spatial_stratified,0.01,130,20260855
XZY,patch_x13776_y4816,13776,4816,test,spatial_stratified,0.01,130,20260855
XZY,patch_x13776_y5040,13776,5040,test,spatial_stratified,0.01,130,20260855
XZY,patch_x13776_y5264,13776,5264,test,spatial_stratified,0.01,130,20260855
XZY,patch_x13776_y5712,13776,5712,test,spatial_stratified,0.01,130,20260855
XZY,patch_x13776_y5936,13776,5936,test,spatial_stratified,0.01,130,20260855
XZY,patch_x13776_y6160,13776,6160,test,spatial_stratified,0.01,130,20260855
XZY,patch_x13776_y6384,13776,6384,test,spatial_stratified,0.01,130,20260855
XZY,patch_x13776_y6608,13776,6608,test,spatial_stratified,0.01,130,20260855
XZY,patch_x13776_y6832,13776,6832,test,spatial_stratified,0.01,130,20260855
XZY,patch_x13776_y7056,13776,7056,test,spatial_stratified,0.01,130,20260855
XZY,patch_x13776_y7280,13776,7280,test,spatial_stratified,0.01,130,20260855
XZY,patch_x13776_y7504,13776,7504,test,spatial_stratified,0.01,130,20260855
XZY,patch_x13776_y7728,13776,7728,test,spatial_stratified,0.01,130,20260855
XZY,patch_x13776_y7952,13776,7952,test,spatial_stratified,0.01,130,20260855
XZY,patch_x13776_y8176,13776,8176,test,spatial_stratified,0.01,130,20260855
XZY,patch_x13776_y8400,13776,8400,test,spatial_stratified,0.01,130,20260855
XZY,patch_x13776_y8624,13776,8624,test,spatial_stratified,0.01,130,20260855
XZY,patch_x14000_y10192,14000,10192,test,spatial_stratified,0.01,130,20260855
XZY,patch_x14000_y10416,14000,10416,test,spatial_stratified,0.01,130,20260855
XZY,patch_x14000_y4368,14000,4368,test,spatial_stratified,0.01,130,20260855
XZY,patch_x14000_y4592,14000,4592,test,spatial_stratified,0.01,130,20260855
XZY,patch_x14000_y4816,14000,4816,test,spatial_stratified,0.01,130,20260855
XZY,patch_x14000_y5040,14000,5040,test,spatial_stratified,0.01,130,20260855
XZY,patch_x14000_y5264,14000,5264,test,spatial_stratified,0.01,130,20260855
XZY,patch_x14000_y5712,14000,5712,test,spatial_stratified,0.01,130,20260855
XZY,patch_x14000_y5936,14000,5936,test,spatial_stratified,0.01,130,20260855
XZY,patch_x14000_y6160,14000,6160,test,spatial_stratified,0.01,130,20260855
XZY,patch_x14000_y6384,14000,6384,test,spatial_stratified,0.01,130,20260855
XZY,patch_x14000_y6608,14000,6608,test,spatial_stratified,0.01,130,20260855
XZY,patch_x14000_y6832,14000,6832,test,spatial_stratified,0.01,130,20260855
XZY,patch_x14000_y7056,14000,7056,test,spatial_stratified,0.01,130,20260855
XZY,patch_x14000_y7280,14000,7280,test,spatial_stratified,0.01,130,20260855
XZY,patch_x14000_y7504,14000,7504,test,spatial_stratified,0.01,130,20260855
XZY,patch_x14000_y7728,14000,7728,calibration,spatial_stratified,0.01,130,20260855
XZY,patch_x14000_y7952,14000,7952,test,spatial_stratified,0.01,130,20260855
XZY,patch_x14000_y8176,14000,8176,test,spatial_stratified,0.01,130,20260855
XZY,patch_x14000_y8400,14000,8400,test,spatial_stratified,0.01,130,20260855
XZY,patch_x14000_y8624,14000,8624,test,spatial_stratified,0.01,130,20260855
XZY,patch_x14000_y8848,14000,8848,test,spatial_stratified,0.01,130,20260855
XZY,patch_x14000_y9744,14000,9744,test,spatial_stratified,0.01,130,20260855
XZY,patch_x14000_y9968,14000,9968,test,spatial_stratified,0.01,130,20260855
XZY,patch_x14224_y10192,14224,10192,test,spatial_stratified,0.01,130,20260855
XZY,patch_x14224_y10416,14224,10416,test,spatial_stratified,0.01,130,20260855
XZY,patch_x14224_y10640,14224,10640,test,spatial_stratified,0.01,130,20260855
XZY,patch_x14224_y4368,14224,4368,test,spatial_stratified,0.01,130,20260855
XZY,patch_x14224_y4592,14224,4592,test,spatial_stratified,0.01,130,20260855
XZY,patch_x14224_y4816,14224,4816,test,spatial_stratified,0.01,130,20260855
XZY,patch_x14224_y5040,14224,5040,test,spatial_stratified,0.01,130,20260855
XZY,patch_x14224_y5264,14224,5264,test,spatial_stratified,0.01,130,20260855
XZY,patch_x14224_y5488,14224,5488,test,spatial_stratified,0.01,130,20260855
XZY,patch_x14224_y5712,14224,5712,test,spatial_stratified,0.01,130,20260855
XZY,patch_x14224_y5936,14224,5936,test,spatial_stratified,0.01,130,20260855
XZY,patch_x14224_y6160,14224,6160,test,spatial_stratified,0.01,130,20260855
XZY,patch_x14224_y6384,14224,6384,test,spatial_stratified,0.01,130,20260855
XZY,patch_x14224_y6608,14224,6608,test,spatial_stratified,0.01,130,20260855
XZY,patch_x14224_y6832,14224,6832,test,spatial_stratified,0.01,130,20260855
XZY,patch_x14224_y7056,14224,7056,test,spatial_stratified,0.01,130,20260855
XZY,patch_x14224_y7280,14224,7280,test,spatial_stratified,0.01,130,20260855
XZY,patch_x14224_y7504,14224,7504,test,spatial_stratified,0.01,130,20260855
XZY,patch_x14224_y7728,14224,7728,test,spatial_stratified,0.01,130,20260855
XZY,patch_x14224_y7952,14224,7952,test,spatial_stratified,0.01,130,20260855
XZY,patch_x14224_y8176,14224,8176,test,spatial_stratified,0.01,130,20260855
XZY,patch_x14224_y8400,14224,8400,test,spatial_stratified,0.01,130,20260855
XZY,patch_x14224_y8624,14224,8624,test,spatial_stratified,0.01,130,20260855
XZY,patch_x14224_y9744,14224,9744,test,spatial_stratified,0.01,130,20260855
XZY,patch_x14224_y9968,14224,9968,test,spatial_stratified,0.01,130,20260855
XZY,patch_x14448_y10192,14448,10192,test,spatial_stratified,0.01,130,20260855
XZY,patch_x14448_y10416,14448,10416,test,spatial_stratified,0.01,130,20260855
XZY,patch_x14448_y10640,14448,10640,test,spatial_stratified,0.01,130,20260855
XZY,patch_x14448_y4144,14448,4144,test,spatial_stratified,0.01,130,20260855
XZY,patch_x14448_y4368,14448,4368,test,spatial_stratified,0.01,130,20260855
XZY,patch_x14448_y4592,14448,4592,test,spatial_stratified,0.01,130,20260855
XZY,patch_x14448_y4816,14448,4816,test,spatial_stratified,0.01,130,20260855
XZY,patch_x14448_y5040,14448,5040,test,spatial_stratified,0.01,130,20260855
XZY,patch_x14448_y5264,14448,5264,test,spatial_stratified,0.01,130,20260855
XZY,patch_x14448_y5488,14448,5488,test,spatial_stratified,0.01,130,20260855
XZY,patch_x14448_y5712,14448,5712,test,spatial_stratified,0.01,130,20260855
XZY,patch_x14448_y5936,14448,5936,test,spatial_stratified,0.01,130,20260855
XZY,patch_x14448_y6160,14448,6160,test,spatial_stratified,0.01,130,20260855
XZY,patch_x14448_y6384,14448,6384,test,spatial_stratified,0.01,130,20260855
XZY,patch_x14448_y6608,14448,6608,test,spatial_stratified,0.01,130,20260855
XZY,patch_x14448_y6832,14448,6832,test,spatial_stratified,0.01,130,20260855
XZY,patch_x14448_y7056,14448,7056,test,spatial_stratified,0.01,130,20260855
XZY,patch_x14448_y7280,14448,7280,test,spatial_stratified,0.01,130,20260855
XZY,patch_x14448_y7504,14448,7504,test,spatial_stratified,0.01,130,20260855
XZY,patch_x14448_y7728,14448,7728,test,spatial_stratified,0.01,130,20260855
XZY,patch_x14448_y7952,14448,7952,test,spatial_stratified,0.01,130,20260855
XZY,patch_x14448_y8176,14448,8176,test,spatial_stratified,0.01,130,20260855
XZY,patch_x14448_y8400,14448,8400,test,spatial_stratified,0.01,130,20260855
XZY,patch_x14448_y8624,14448,8624,test,spatial_stratified,0.01,130,20260855
XZY,patch_x14448_y8848,14448,8848,test,spatial_stratified,0.01,130,20260855
XZY,patch_x14448_y9296,14448,9296,test,spatial_stratified,0.01,130,20260855
XZY,patch_x14448_y9968,14448,9968,test,spatial_stratified,0.01,130,20260855
XZY,patch_x14672_y10192,14672,10192,test,spatial_stratified,0.01,130,20260855
XZY,patch_x14672_y10416,14672,10416,test,spatial_stratified,0.01,130,20260855
XZY,patch_x14672_y10640,14672,10640,test,spatial_stratified,0.01,130,20260855
XZY,patch_x14672_y10864,14672,10864,test,spatial_stratified,0.01,130,20260855
XZY,patch_x14672_y11088,14672,11088,test,spatial_stratified,0.01,130,20260855
XZY,patch_x14672_y3920,14672,3920,test,spatial_stratified,0.01,130,20260855
XZY,patch_x14672_y4144,14672,4144,test,spatial_stratified,0.01,130,20260855
XZY,patch_x14672_y4368,14672,4368,test,spatial_stratified,0.01,130,20260855
XZY,patch_x14672_y4592,14672,4592,test,spatial_stratified,0.01,130,20260855
XZY,patch_x14672_y4816,14672,4816,test,spatial_stratified,0.01,130,20260855
XZY,patch_x14672_y5040,14672,5040,test,spatial_stratified,0.01,130,20260855
XZY,patch_x14672_y5264,14672,5264,test,spatial_stratified,0.01,130,20260855
XZY,patch_x14672_y5488,14672,5488,test,spatial_stratified,0.01,130,20260855
XZY,patch_x14672_y5712,14672,5712,test,spatial_stratified,0.01,130,20260855
XZY,patch_x14672_y5936,14672,5936,test,spatial_stratified,0.01,130,20260855
XZY,patch_x14672_y6160,14672,6160,test,spatial_stratified,0.01,130,20260855
XZY,patch_x14672_y6384,14672,6384,test,spatial_stratified,0.01,130,20260855
XZY,patch_x14672_y6608,14672,6608,test,spatial_stratified,0.01,130,20260855
XZY,patch_x14672_y6832,14672,6832,test,spatial_stratified,0.01,130,20260855
XZY,patch_x14672_y7056,14672,7056,test,spatial_stratified,0.01,130,20260855
XZY,patch_x14672_y7280,14672,7280,test,spatial_stratified,0.01,130,20260855
XZY,patch_x14672_y7504,14672,7504,test,spatial_stratified,0.01,130,20260855
XZY,patch_x14672_y7728,14672,7728,test,spatial_stratified,0.01,130,20260855
XZY,patch_x14672_y7952,14672,7952,test,spatial_stratified,0.01,130,20260855
XZY,patch_x14672_y8176,14672,8176,test,spatial_stratified,0.01,130,20260855
XZY,patch_x14672_y8400,14672,8400,test,spatial_stratified,0.01,130,20260855
XZY,patch_x14672_y8624,14672,8624,test,spatial_stratified,0.01,130,20260855
XZY,patch_x14672_y8848,14672,8848,test,spatial_stratified,0.01,130,20260855
XZY,patch_x14672_y9072,14672,9072,test,spatial_stratified,0.01,130,20260855
XZY,patch_x14672_y9296,14672,9296,test,spatial_stratified,0.01,130,20260855
XZY,patch_x14896_y10192,14896,10192,test,spatial_stratified,0.01,130,20260855
XZY,patch_x14896_y10416,14896,10416,test,spatial_stratified,0.01,130,20260855
XZY,patch_x14896_y10640,14896,10640,test,spatial_stratified,0.01,130,20260855
XZY,patch_x14896_y10864,14896,10864,test,spatial_stratified,0.01,130,20260855
XZY,patch_x14896_y11088,14896,11088,test,spatial_stratified,0.01,130,20260855
XZY,patch_x14896_y11312,14896,11312,test,spatial_stratified,0.01,130,20260855
XZY,patch_x14896_y3696,14896,3696,test,spatial_stratified,0.01,130,20260855
XZY,patch_x14896_y3920,14896,3920,test,spatial_stratified,0.01,130,20260855
XZY,patch_x14896_y4144,14896,4144,test,spatial_stratified,0.01,130,20260855
XZY,patch_x14896_y4368,14896,4368,test,spatial_stratified,0.01,130,20260855
XZY,patch_x14896_y4592,14896,4592,test,spatial_stratified,0.01,130,20260855
XZY,patch_x14896_y4816,14896,4816,test,spatial_stratified,0.01,130,20260855
XZY,patch_x14896_y5040,14896,5040,test,spatial_stratified,0.01,130,20260855
XZY,patch_x14896_y5264,14896,5264,test,spatial_stratified,0.01,130,20260855
XZY,patch_x14896_y5488,14896,5488,test,spatial_stratified,0.01,130,20260855
XZY,patch_x14896_y5712,14896,5712,test,spatial_stratified,0.01,130,20260855
XZY,patch_x14896_y5936,14896,5936,test,spatial_stratified,0.01,130,20260855
XZY,patch_x14896_y6160,14896,6160,test,spatial_stratified,0.01,130,20260855
XZY,patch_x14896_y6384,14896,6384,test,spatial_stratified,0.01,130,20260855
XZY,patch_x14896_y6608,14896,6608,test,spatial_stratified,0.01,130,20260855
XZY,patch_x14896_y6832,14896,6832,test,spatial_stratified,0.01,130,20260855
XZY,patch_x14896_y7056,14896,7056,test,spatial_stratified,0.01,130,20260855
XZY,patch_x14896_y7280,14896,7280,test,spatial_stratified,0.01,130,20260855
XZY,patch_x14896_y7504,14896,7504,test,spatial_stratified,0.01,130,20260855
XZY,patch_x14896_y7728,14896,7728,test,spatial_stratified,0.01,130,20260855
XZY,patch_x14896_y7952,14896,7952,test,spatial_stratified,0.01,130,20260855
XZY,patch_x14896_y8176,14896,8176,test,spatial_stratified,0.01,130,20260855
XZY,patch_x14896_y8400,14896,8400,test,spatial_stratified,0.01,130,20260855
XZY,patch_x14896_y8624,14896,8624,test,spatial_stratified,0.01,130,20260855
XZY,patch_x14896_y8848,14896,8848,test,spatial_stratified,0.01,130,20260855
XZY,patch_x15120_y10192,15120,10192,test,spatial_stratified,0.01,130,20260855
XZY,patch_x15120_y10416,15120,10416,test,spatial_stratified,0.01,130,20260855
XZY,patch_x15120_y10640,15120,10640,test,spatial_stratified,0.01,130,20260855
XZY,patch_x15120_y10864,15120,10864,test,spatial_stratified,0.01,130,20260855
XZY,patch_x15120_y11088,15120,11088,test,spatial_stratified,0.01,130,20260855
XZY,patch_x15120_y11312,15120,11312,test,spatial_stratified,0.01,130,20260855
XZY,patch_x15120_y11536,15120,11536,test,spatial_stratified,0.01,130,20260855
XZY,patch_x15120_y3696,15120,3696,test,spatial_stratified,0.01,130,20260855
XZY,patch_x15120_y3920,15120,3920,test,spatial_stratified,0.01,130,20260855
XZY,patch_x15120_y4144,15120,4144,test,spatial_stratified,0.01,130,20260855
XZY,patch_x15120_y4368,15120,4368,test,spatial_stratified,0.01,130,20260855
XZY,patch_x15120_y4592,15120,4592,test,spatial_stratified,0.01,130,20260855
XZY,patch_x15120_y4816,15120,4816,test,spatial_stratified,0.01,130,20260855
XZY,patch_x15120_y5040,15120,5040,test,spatial_stratified,0.01,130,20260855
XZY,patch_x15120_y5264,15120,5264,test,spatial_stratified,0.01,130,20260855
XZY,patch_x15120_y5488,15120,5488,test,spatial_stratified,0.01,130,20260855
XZY,patch_x15120_y5712,15120,5712,test,spatial_stratified,0.01,130,20260855
XZY,patch_x15120_y5936,15120,5936,test,spatial_stratified,0.01,130,20260855
XZY,patch_x15120_y6160,15120,6160,test,spatial_stratified,0.01,130,20260855
XZY,patch_x15120_y6384,15120,6384,test,spatial_stratified,0.01,130,20260855
XZY,patch_x15120_y6608,15120,6608,test,spatial_stratified,0.01,130,20260855
XZY,patch_x15120_y6832,15120,6832,test,spatial_stratified,0.01,130,20260855
XZY,patch_x15120_y7056,15120,7056,test,spatial_stratified,0.01,130,20260855
XZY,patch_x15120_y7280,15120,7280,test,spatial_stratified,0.01,130,20260855
XZY,patch_x15120_y7504,15120,7504,test,spatial_stratified,0.01,130,20260855
XZY,patch_x15120_y7728,15120,7728,test,spatial_stratified,0.01,130,20260855
XZY,patch_x15120_y7952,15120,7952,test,spatial_stratified,0.01,130,20260855
XZY,patch_x15120_y8176,15120,8176,test,spatial_stratified,0.01,130,20260855
XZY,patch_x15120_y8400,15120,8400,test,spatial_stratified,0.01,130,20260855
XZY,patch_x15120_y8624,15120,8624,test,spatial_stratified,0.01,130,20260855
XZY,patch_x15120_y8848,15120,8848,test,spatial_stratified,0.01,130,20260855
XZY,patch_x15120_y9072,15120,9072,test,spatial_stratified,0.01,130,20260855
XZY,patch_x15120_y9296,15120,9296,test,spatial_stratified,0.01,130,20260855
XZY,patch_x15120_y9744,15120,9744,test,spatial_stratified,0.01,130,20260855
XZY,patch_x15120_y9968,15120,9968,test,spatial_stratified,0.01,130,20260855
XZY,patch_x15344_y10416,15344,10416,test,spatial_stratified,0.01,130,20260855
XZY,patch_x15344_y10640,15344,10640,test,spatial_stratified,0.01,130,20260855
XZY,patch_x15344_y10864,15344,10864,test,spatial_stratified,0.01,130,20260855
XZY,patch_x15344_y11088,15344,11088,test,spatial_stratified,0.01,130,20260855
XZY,patch_x15344_y11312,15344,11312,test,spatial_stratified,0.01,130,20260855
XZY,patch_x15344_y11536,15344,11536,test,spatial_stratified,0.01,130,20260855
XZY,patch_x15344_y3472,15344,3472,test,spatial_stratified,0.01,130,20260855
XZY,patch_x15344_y3696,15344,3696,test,spatial_stratified,0.01,130,20260855
XZY,patch_x15344_y3920,15344,3920,test,spatial_stratified,0.01,130,20260855
XZY,patch_x15344_y4144,15344,4144,test,spatial_stratified,0.01,130,20260855
XZY,patch_x15344_y4368,15344,4368,test,spatial_stratified,0.01,130,20260855
XZY,patch_x15344_y4592,15344,4592,test,spatial_stratified,0.01,130,20260855
XZY,patch_x15344_y4816,15344,4816,test,spatial_stratified,0.01,130,20260855
XZY,patch_x15344_y5040,15344,5040,test,spatial_stratified,0.01,130,20260855
XZY,patch_x15344_y5264,15344,5264,test,spatial_stratified,0.01,130,20260855
XZY,patch_x15344_y5488,15344,5488,test,spatial_stratified,0.01,130,20260855
XZY,patch_x15344_y5712,15344,5712,test,spatial_stratified,0.01,130,20260855
XZY,patch_x15344_y5936,15344,5936,calibration,spatial_stratified,0.01,130,20260855
XZY,patch_x15344_y6160,15344,6160,test,spatial_stratified,0.01,130,20260855
XZY,patch_x15344_y6384,15344,6384,test,spatial_stratified,0.01,130,20260855
XZY,patch_x15344_y6608,15344,6608,test,spatial_stratified,0.01,130,20260855
XZY,patch_x15344_y6832,15344,6832,test,spatial_stratified,0.01,130,20260855
XZY,patch_x15344_y7056,15344,7056,test,spatial_stratified,0.01,130,20260855
XZY,patch_x15344_y7280,15344,7280,test,spatial_stratified,0.01,130,20260855
XZY,patch_x15344_y7504,15344,7504,test,spatial_stratified,0.01,130,20260855
XZY,patch_x15344_y7728,15344,7728,test,spatial_stratified,0.01,130,20260855
XZY,patch_x15344_y7952,15344,7952,test,spatial_stratified,0.01,130,20260855
XZY,patch_x15344_y8176,15344,8176,test,spatial_stratified,0.01,130,20260855
XZY,patch_x15344_y8400,15344,8400,test,spatial_stratified,0.01,130,20260855
XZY,patch_x15344_y8624,15344,8624,test,spatial_stratified,0.01,130,20260855
XZY,patch_x15344_y8848,15344,8848,test,spatial_stratified,0.01,130,20260855
XZY,patch_x15344_y9072,15344,9072,test,spatial_stratified,0.01,130,20260855
XZY,patch_x15344_y9296,15344,9296,test,spatial_stratified,0.01,130,20260855
XZY,patch_x15344_y9520,15344,9520,test,spatial_stratified,0.01,130,20260855
XZY,patch_x15344_y9744,15344,9744,test,spatial_stratified,0.01,130,20260855
XZY,patch_x15344_y9968,15344,9968,test,spatial_stratified,0.01,130,20260855
XZY,patch_x15568_y10192,15568,10192,test,spatial_stratified,0.01,130,20260855
XZY,patch_x15568_y10416,15568,10416,test,spatial_stratified,0.01,130,20260855
XZY,patch_x15568_y10640,15568,10640,test,spatial_stratified,0.01,130,20260855
XZY,patch_x15568_y10864,15568,10864,test,spatial_stratified,0.01,130,20260855
XZY,patch_x15568_y11088,15568,11088,test,spatial_stratified,0.01,130,20260855
XZY,patch_x15568_y11312,15568,11312,test,spatial_stratified,0.01,130,20260855
XZY,patch_x15568_y11536,15568,11536,test,spatial_stratified,0.01,130,20260855
XZY,patch_x15568_y11760,15568,11760,test,spatial_stratified,0.01,130,20260855
XZY,patch_x15568_y3472,15568,3472,test,spatial_stratified,0.01,130,20260855
XZY,patch_x15568_y3696,15568,3696,test,spatial_stratified,0.01,130,20260855
XZY,patch_x15568_y3920,15568,3920,test,spatial_stratified,0.01,130,20260855
XZY,patch_x15568_y4144,15568,4144,test,spatial_stratified,0.01,130,20260855
XZY,patch_x15568_y4368,15568,4368,test,spatial_stratified,0.01,130,20260855
XZY,patch_x15568_y4592,15568,4592,test,spatial_stratified,0.01,130,20260855
XZY,patch_x15568_y4816,15568,4816,test,spatial_stratified,0.01,130,20260855
XZY,patch_x15568_y5040,15568,5040,test,spatial_stratified,0.01,130,20260855
XZY,patch_x15568_y5264,15568,5264,test,spatial_stratified,0.01,130,20260855
XZY,patch_x15568_y5488,15568,5488,test,spatial_stratified,0.01,130,20260855
XZY,patch_x15568_y5712,15568,5712,test,spatial_stratified,0.01,130,20260855
XZY,patch_x15568_y5936,15568,5936,test,spatial_stratified,0.01,130,20260855
XZY,patch_x15568_y6160,15568,6160,test,spatial_stratified,0.01,130,20260855
XZY,patch_x15568_y6384,15568,6384,test,spatial_stratified,0.01,130,20260855
XZY,patch_x15568_y6608,15568,6608,test,spatial_stratified,0.01,130,20260855
XZY,patch_x15568_y6832,15568,6832,test,spatial_stratified,0.01,130,20260855
XZY,patch_x15568_y7056,15568,7056,test,spatial_stratified,0.01,130,20260855
XZY,patch_x15568_y7280,15568,7280,test,spatial_stratified,0.01,130,20260855
XZY,patch_x15568_y7504,15568,7504,test,spatial_stratified,0.01,130,20260855
XZY,patch_x15568_y7728,15568,7728,test,spatial_stratified,0.01,130,20260855
XZY,patch_x15568_y7952,15568,7952,test,spatial_stratified,0.01,130,20260855
XZY,patch_x15568_y8176,15568,8176,test,spatial_stratified,0.01,130,20260855
XZY,patch_x15568_y8400,15568,8400,test,spatial_stratified,0.01,130,20260855
XZY,patch_x15568_y8624,15568,8624,test,spatial_stratified,0.01,130,20260855
XZY,patch_x15568_y8848,15568,8848,test,spatial_stratified,0.01,130,20260855
XZY,patch_x15568_y9072,15568,9072,test,spatial_stratified,0.01,130,20260855
XZY,patch_x15568_y9296,15568,9296,test,spatial_stratified,0.01,130,20260855
XZY,patch_x15568_y9520,15568,9520,test,spatial_stratified,0.01,130,20260855
XZY,patch_x15568_y9744,15568,9744,test,spatial_stratified,0.01,130,20260855
XZY,patch_x15568_y9968,15568,9968,test,spatial_stratified,0.01,130,20260855
XZY,patch_x15792_y10192,15792,10192,test,spatial_stratified,0.01,130,20260855
XZY,patch_x15792_y10416,15792,10416,test,spatial_stratified,0.01,130,20260855
XZY,patch_x15792_y10640,15792,10640,test,spatial_stratified,0.01,130,20260855
XZY,patch_x15792_y10864,15792,10864,test,spatial_stratified,0.01,130,20260855
XZY,patch_x15792_y11088,15792,11088,test,spatial_stratified,0.01,130,20260855
XZY,patch_x15792_y11312,15792,11312,test,spatial_stratified,0.01,130,20260855
XZY,patch_x15792_y11536,15792,11536,test,spatial_stratified,0.01,130,20260855
XZY,patch_x15792_y11760,15792,11760,test,spatial_stratified,0.01,130,20260855
XZY,patch_x15792_y3472,15792,3472,test,spatial_stratified,0.01,130,20260855
XZY,patch_x15792_y3696,15792,3696,test,spatial_stratified,0.01,130,20260855
XZY,patch_x15792_y3920,15792,3920,test,spatial_stratified,0.01,130,20260855
XZY,patch_x15792_y4144,15792,4144,test,spatial_stratified,0.01,130,20260855
XZY,patch_x15792_y4368,15792,4368,test,spatial_stratified,0.01,130,20260855
XZY,patch_x15792_y4592,15792,4592,test,spatial_stratified,0.01,130,20260855
XZY,patch_x15792_y4816,15792,4816,test,spatial_stratified,0.01,130,20260855
XZY,patch_x15792_y5040,15792,5040,test,spatial_stratified,0.01,130,20260855
XZY,patch_x15792_y5264,15792,5264,test,spatial_stratified,0.01,130,20260855
XZY,patch_x15792_y5488,15792,5488,test,spatial_stratified,0.01,130,20260855
XZY,patch_x15792_y5712,15792,5712,test,spatial_stratified,0.01,130,20260855
XZY,patch_x15792_y5936,15792,5936,test,spatial_stratified,0.01,130,20260855
XZY,patch_x15792_y6160,15792,6160,test,spatial_stratified,0.01,130,20260855
XZY,patch_x15792_y6384,15792,6384,test,spatial_stratified,0.01,130,20260855
XZY,patch_x15792_y6608,15792,6608,test,spatial_stratified,0.01,130,20260855
XZY,patch_x15792_y6832,15792,6832,test,spatial_stratified,0.01,130,20260855
XZY,patch_x15792_y7056,15792,7056,test,spatial_stratified,0.01,130,20260855
XZY,patch_x15792_y7280,15792,7280,test,spatial_stratified,0.01,130,20260855
XZY,patch_x15792_y7504,15792,7504,test,spatial_stratified,0.01,130,20260855
XZY,patch_x15792_y7728,15792,7728,test,spatial_stratified,0.01,130,20260855
XZY,patch_x15792_y7952,15792,7952,test,spatial_stratified,0.01,130,20260855
XZY,patch_x15792_y8176,15792,8176,test,spatial_stratified,0.01,130,20260855
XZY,patch_x15792_y8400,15792,8400,test,spatial_stratified,0.01,130,20260855
XZY,patch_x15792_y8624,15792,8624,test,spatial_stratified,0.01,130,20260855
XZY,patch_x15792_y8848,15792,8848,test,spatial_stratified,0.01,130,20260855
XZY,patch_x15792_y9072,15792,9072,test,spatial_stratified,0.01,130,20260855
XZY,patch_x15792_y9296,15792,9296,test,spatial_stratified,0.01,130,20260855
XZY,patch_x15792_y9520,15792,9520,test,spatial_stratified,0.01,130,20260855
XZY,patch_x15792_y9744,15792,9744,test,spatial_stratified,0.01,130,20260855
XZY,patch_x15792_y9968,15792,9968,test,spatial_stratified,0.01,130,20260855
XZY,patch_x16016_y10192,16016,10192,test,spatial_stratified,0.01,130,20260855
XZY,patch_x16016_y10416,16016,10416,test,spatial_stratified,0.01,130,20260855
XZY,patch_x16016_y10640,16016,10640,test,spatial_stratified,0.01,130,20260855
XZY,patch_x16016_y10864,16016,10864,test,spatial_stratified,0.01,130,20260855
XZY,patch_x16016_y11088,16016,11088,test,spatial_stratified,0.01,130,20260855
XZY,patch_x16016_y11312,16016,11312,test,spatial_stratified,0.01,130,20260855
XZY,patch_x16016_y11536,16016,11536,test,spatial_stratified,0.01,130,20260855
XZY,patch_x16016_y11760,16016,11760,calibration,spatial_stratified,0.01,130,20260855
XZY,patch_x16016_y3920,16016,3920,test,spatial_stratified,0.01,130,20260855
XZY,patch_x16016_y4144,16016,4144,test,spatial_stratified,0.01,130,20260855
XZY,patch_x16016_y4368,16016,4368,test,spatial_stratified,0.01,130,20260855
XZY,patch_x16016_y4592,16016,4592,test,spatial_stratified,0.01,130,20260855
XZY,patch_x16016_y4816,16016,4816,test,spatial_stratified,0.01,130,20260855
XZY,patch_x16016_y5040,16016,5040,test,spatial_stratified,0.01,130,20260855
XZY,patch_x16016_y5264,16016,5264,test,spatial_stratified,0.01,130,20260855
XZY,patch_x16016_y5488,16016,5488,test,spatial_stratified,0.01,130,20260855
XZY,patch_x16016_y5712,16016,5712,test,spatial_stratified,0.01,130,20260855
XZY,patch_x16016_y5936,16016,5936,test,spatial_stratified,0.01,130,20260855
XZY,patch_x16016_y6160,16016,6160,test,spatial_stratified,0.01,130,20260855
XZY,patch_x16016_y6384,16016,6384,test,spatial_stratified,0.01,130,20260855
XZY,patch_x16016_y6608,16016,6608,test,spatial_stratified,0.01,130,20260855
XZY,patch_x16016_y6832,16016,6832,test,spatial_stratified,0.01,130,20260855
XZY,patch_x16016_y7056,16016,7056,test,spatial_stratified,0.01,130,20260855
XZY,patch_x16016_y7280,16016,7280,test,spatial_stratified,0.01,130,20260855
XZY,patch_x16016_y7504,16016,7504,test,spatial_stratified,0.01,130,20260855
XZY,patch_x16016_y7728,16016,7728,test,spatial_stratified,0.01,130,20260855
XZY,patch_x16016_y7952,16016,7952,test,spatial_stratified,0.01,130,20260855
XZY,patch_x16016_y8176,16016,8176,test,spatial_stratified,0.01,130,20260855
XZY,patch_x16016_y8400,16016,8400,test,spatial_stratified,0.01,130,20260855
XZY,patch_x16016_y8624,16016,8624,test,spatial_stratified,0.01,130,20260855
XZY,patch_x16016_y8848,16016,8848,test,spatial_stratified,0.01,130,20260855
XZY,patch_x16016_y9072,16016,9072,test,spatial_stratified,0.01,130,20260855
XZY,patch_x16016_y9296,16016,9296,test,spatial_stratified,0.01,130,20260855
XZY,patch_x16016_y9520,16016,9520,test,spatial_stratified,0.01,130,20260855
XZY,patch_x16016_y9744,16016,9744,test,spatial_stratified,0.01,130,20260855
XZY,patch_x16016_y9968,16016,9968,test,spatial_stratified,0.01,130,20260855
XZY,patch_x16240_y10192,16240,10192,test,spatial_stratified,0.01,130,20260855
XZY,patch_x16240_y10416,16240,10416,test,spatial_stratified,0.01,130,20260855
XZY,patch_x16240_y10640,16240,10640,test,spatial_stratified,0.01,130,20260855
XZY,patch_x16240_y10864,16240,10864,test,spatial_stratified,0.01,130,20260855
XZY,patch_x16240_y11088,16240,11088,test,spatial_stratified,0.01,130,20260855
XZY,patch_x16240_y11312,16240,11312,test,spatial_stratified,0.01,130,20260855
XZY,patch_x16240_y11536,16240,11536,test,spatial_stratified,0.01,130,20260855
XZY,patch_x16240_y11760,16240,11760,test,spatial_stratified,0.01,130,20260855
XZY,patch_x16240_y3472,16240,3472,test,spatial_stratified,0.01,130,20260855
XZY,patch_x16240_y3696,16240,3696,test,spatial_stratified,0.01,130,20260855
XZY,patch_x16240_y3920,16240,3920,test,spatial_stratified,0.01,130,20260855
XZY,patch_x16240_y4144,16240,4144,test,spatial_stratified,0.01,130,20260855
XZY,patch_x16240_y4368,16240,4368,test,spatial_stratified,0.01,130,20260855
XZY,patch_x16240_y4592,16240,4592,test,spatial_stratified,0.01,130,20260855
XZY,patch_x16240_y4816,16240,4816,test,spatial_stratified,0.01,130,20260855
XZY,patch_x16240_y5040,16240,5040,test,spatial_stratified,0.01,130,20260855
XZY,patch_x16240_y5264,16240,5264,test,spatial_stratified,0.01,130,20260855
XZY,patch_x16240_y5488,16240,5488,test,spatial_stratified,0.01,130,20260855
XZY,patch_x16240_y5712,16240,5712,test,spatial_stratified,0.01,130,20260855
XZY,patch_x16240_y5936,16240,5936,test,spatial_stratified,0.01,130,20260855
XZY,patch_x16240_y6160,16240,6160,test,spatial_stratified,0.01,130,20260855
XZY,patch_x16240_y6384,16240,6384,test,spatial_stratified,0.01,130,20260855
XZY,patch_x16240_y6608,16240,6608,test,spatial_stratified,0.01,130,20260855
XZY,patch_x16240_y6832,16240,6832,test,spatial_stratified,0.01,130,20260855
XZY,patch_x16240_y7056,16240,7056,test,spatial_stratified,0.01,130,20260855
XZY,patch_x16240_y7280,16240,7280,test,spatial_stratified,0.01,130,20260855
XZY,patch_x16240_y7504,16240,7504,test,spatial_stratified,0.01,130,20260855
XZY,patch_x16240_y7728,16240,7728,test,spatial_stratified,0.01,130,20260855
XZY,patch_x16240_y7952,16240,7952,test,spatial_stratified,0.01,130,20260855
XZY,patch_x16240_y8176,16240,8176,test,spatial_stratified,0.01,130,20260855
XZY,patch_x16240_y8400,16240,8400,test,spatial_stratified,0.01,130,20260855
XZY,patch_x16240_y8624,16240,8624,test,spatial_stratified,0.01,130,20260855
XZY,patch_x16240_y8848,16240,8848,test,spatial_stratified,0.01,130,20260855
XZY,patch_x16240_y9072,16240,9072,test,spatial_stratified,0.01,130,20260855
XZY,patch_x16240_y9296,16240,9296,test,spatial_stratified,0.01,130,20260855
XZY,patch_x16240_y9520,16240,9520,test,spatial_stratified,0.01,130,20260855
XZY,patch_x16240_y9744,16240,9744,test,spatial_stratified,0.01,130,20260855
XZY,patch_x16240_y9968,16240,9968,test,spatial_stratified,0.01,130,20260855
XZY,patch_x16464_y10192,16464,10192,test,spatial_stratified,0.01,130,20260855
XZY,patch_x16464_y10416,16464,10416,test,spatial_stratified,0.01,130,20260855
XZY,patch_x16464_y10640,16464,10640,test,spatial_stratified,0.01,130,20260855
XZY,patch_x16464_y10864,16464,10864,test,spatial_stratified,0.01,130,20260855
XZY,patch_x16464_y11088,16464,11088,test,spatial_stratified,0.01,130,20260855
XZY,patch_x16464_y11312,16464,11312,test,spatial_stratified,0.01,130,20260855
XZY,patch_x16464_y11536,16464,11536,test,spatial_stratified,0.01,130,20260855
XZY,patch_x16464_y11760,16464,11760,test,spatial_stratified,0.01,130,20260855
XZY,patch_x16464_y3696,16464,3696,test,spatial_stratified,0.01,130,20260855
XZY,patch_x16464_y3920,16464,3920,test,spatial_stratified,0.01,130,20260855
XZY,patch_x16464_y4144,16464,4144,test,spatial_stratified,0.01,130,20260855
XZY,patch_x16464_y4368,16464,4368,test,spatial_stratified,0.01,130,20260855
XZY,patch_x16464_y4592,16464,4592,test,spatial_stratified,0.01,130,20260855
XZY,patch_x16464_y4816,16464,4816,test,spatial_stratified,0.01,130,20260855
XZY,patch_x16464_y5040,16464,5040,test,spatial_stratified,0.01,130,20260855
XZY,patch_x16464_y5264,16464,5264,test,spatial_stratified,0.01,130,20260855
XZY,patch_x16464_y5488,16464,5488,test,spatial_stratified,0.01,130,20260855
XZY,patch_x16464_y5712,16464,5712,test,spatial_stratified,0.01,130,20260855
XZY,patch_x16464_y5936,16464,5936,test,spatial_stratified,0.01,130,20260855
XZY,patch_x16464_y6160,16464,6160,test,spatial_stratified,0.01,130,20260855
XZY,patch_x16464_y6384,16464,6384,test,spatial_stratified,0.01,130,20260855
XZY,patch_x16464_y6608,16464,6608,test,spatial_stratified,0.01,130,20260855
XZY,patch_x16464_y6832,16464,6832,test,spatial_stratified,0.01,130,20260855
XZY,patch_x16464_y7056,16464,7056,test,spatial_stratified,0.01,130,20260855
XZY,patch_x16464_y7280,16464,7280,test,spatial_stratified,0.01,130,20260855
XZY,patch_x16464_y7504,16464,7504,test,spatial_stratified,0.01,130,20260855
XZY,patch_x16464_y7728,16464,7728,test,spatial_stratified,0.01,130,20260855
XZY,patch_x16464_y7952,16464,7952,test,spatial_stratified,0.01,130,20260855
XZY,patch_x16464_y8176,16464,8176,test,spatial_stratified,0.01,130,20260855
XZY,patch_x16464_y8400,16464,8400,test,spatial_stratified,0.01,130,20260855
XZY,patch_x16464_y8624,16464,8624,test,spatial_stratified,0.01,130,20260855
XZY,patch_x16464_y8848,16464,8848,test,spatial_stratified,0.01,130,20260855
XZY,patch_x16464_y9072,16464,9072,test,spatial_stratified,0.01,130,20260855
XZY,patch_x16464_y9296,16464,9296,test,spatial_stratified,0.01,130,20260855
XZY,patch_x16464_y9520,16464,9520,test,spatial_stratified,0.01,130,20260855
XZY,patch_x16464_y9968,16464,9968,test,spatial_stratified,0.01,130,20260855
XZY,patch_x16688_y10192,16688,10192,test,spatial_stratified,0.01,130,20260855
XZY,patch_x16688_y10416,16688,10416,test,spatial_stratified,0.01,130,20260855
XZY,patch_x16688_y10640,16688,10640,test,spatial_stratified,0.01,130,20260855
XZY,patch_x16688_y10864,16688,10864,test,spatial_stratified,0.01,130,20260855
XZY,patch_x16688_y11088,16688,11088,test,spatial_stratified,0.01,130,20260855
XZY,patch_x16688_y11312,16688,11312,test,spatial_stratified,0.01,130,20260855
XZY,patch_x16688_y11536,16688,11536,test,spatial_stratified,0.01,130,20260855
XZY,patch_x16688_y3920,16688,3920,test,spatial_stratified,0.01,130,20260855
XZY,patch_x16688_y4144,16688,4144,test,spatial_stratified,0.01,130,20260855
XZY,patch_x16688_y4368,16688,4368,test,spatial_stratified,0.01,130,20260855
XZY,patch_x16688_y4592,16688,4592,test,spatial_stratified,0.01,130,20260855
XZY,patch_x16688_y4816,16688,4816,test,spatial_stratified,0.01,130,20260855
XZY,patch_x16688_y5040,16688,5040,test,spatial_stratified,0.01,130,20260855
XZY,patch_x16688_y5264,16688,5264,test,spatial_stratified,0.01,130,20260855
XZY,patch_x16688_y5488,16688,5488,test,spatial_stratified,0.01,130,20260855
XZY,patch_x16688_y5712,16688,5712,test,spatial_stratified,0.01,130,20260855
XZY,patch_x16688_y5936,16688,5936,test,spatial_stratified,0.01,130,20260855
XZY,patch_x16688_y6160,16688,6160,test,spatial_stratified,0.01,130,20260855
XZY,patch_x16688_y6384,16688,6384,test,spatial_stratified,0.01,130,20260855
XZY,patch_x16688_y6608,16688,6608,test,spatial_stratified,0.01,130,20260855
XZY,patch_x16688_y6832,16688,6832,test,spatial_stratified,0.01,130,20260855
XZY,patch_x16688_y7056,16688,7056,test,spatial_stratified,0.01,130,20260855
XZY,patch_x16688_y7280,16688,7280,test,spatial_stratified,0.01,130,20260855
XZY,patch_x16688_y7504,16688,7504,test,spatial_stratified,0.01,130,20260855
XZY,patch_x16688_y7728,16688,7728,test,spatial_stratified,0.01,130,20260855
XZY,patch_x16688_y7952,16688,7952,test,spatial_stratified,0.01,130,20260855
XZY,patch_x16688_y8176,16688,8176,test,spatial_stratified,0.01,130,20260855
XZY,patch_x16688_y8400,16688,8400,test,spatial_stratified,0.01,130,20260855
XZY,patch_x16688_y8624,16688,8624,test,spatial_stratified,0.01,130,20260855
XZY,patch_x16688_y8848,16688,8848,test,spatial_stratified,0.01,130,20260855
XZY,patch_x16688_y9072,16688,9072,test,spatial_stratified,0.01,130,20260855
XZY,patch_x16688_y9296,16688,9296,test,spatial_stratified,0.01,130,20260855
XZY,patch_x16688_y9520,16688,9520,test,spatial_stratified,0.01,130,20260855
XZY,patch_x16688_y9744,16688,9744,test,spatial_stratified,0.01,130,20260855
XZY,patch_x16688_y9968,16688,9968,test,spatial_stratified,0.01,130,20260855
XZY,patch_x16912_y10192,16912,10192,test,spatial_stratified,0.01,130,20260855
XZY,patch_x16912_y10416,16912,10416,test,spatial_stratified,0.01,130,20260855
XZY,patch_x16912_y10640,16912,10640,test,spatial_stratified,0.01,130,20260855
XZY,patch_x16912_y10864,16912,10864,test,spatial_stratified,0.01,130,20260855
XZY,patch_x16912_y11088,16912,11088,test,spatial_stratified,0.01,130,20260855
XZY,patch_x16912_y11312,16912,11312,test,spatial_stratified,0.01,130,20260855
XZY,patch_x16912_y3920,16912,3920,test,spatial_stratified,0.01,130,20260855
XZY,patch_x16912_y4144,16912,4144,test,spatial_stratified,0.01,130,20260855
XZY,patch_x16912_y4368,16912,4368,test,spatial_stratified,0.01,130,20260855
XZY,patch_x16912_y4592,16912,4592,test,spatial_stratified,0.01,130,20260855
XZY,patch_x16912_y4816,16912,4816,test,spatial_stratified,0.01,130,20260855
XZY,patch_x16912_y5040,16912,5040,test,spatial_stratified,0.01,130,20260855
XZY,patch_x16912_y5264,16912,5264,test,spatial_stratified,0.01,130,20260855
XZY,patch_x16912_y5488,16912,5488,test,spatial_stratified,0.01,130,20260855
XZY,patch_x16912_y5712,16912,5712,test,spatial_stratified,0.01,130,20260855
XZY,patch_x16912_y5936,16912,5936,test,spatial_stratified,0.01,130,20260855
XZY,patch_x16912_y6160,16912,6160,test,spatial_stratified,0.01,130,20260855
XZY,patch_x16912_y6384,16912,6384,test,spatial_stratified,0.01,130,20260855
XZY,patch_x16912_y6608,16912,6608,test,spatial_stratified,0.01,130,20260855
XZY,patch_x16912_y6832,16912,6832,test,spatial_stratified,0.01,130,20260855
XZY,patch_x16912_y7056,16912,7056,calibration,spatial_stratified,0.01,130,20260855
XZY,patch_x16912_y7280,16912,7280,test,spatial_stratified,0.01,130,20260855
XZY,patch_x16912_y7504,16912,7504,test,spatial_stratified,0.01,130,20260855
XZY,patch_x16912_y7728,16912,7728,test,spatial_stratified,0.01,130,20260855
XZY,patch_x16912_y7952,16912,7952,test,spatial_stratified,0.01,130,20260855
XZY,patch_x16912_y8176,16912,8176,test,spatial_stratified,0.01,130,20260855
XZY,patch_x16912_y8400,16912,8400,test,spatial_stratified,0.01,130,20260855
XZY,patch_x16912_y8624,16912,8624,test,spatial_stratified,0.01,130,20260855
XZY,patch_x16912_y8848,16912,8848,test,spatial_stratified,0.01,130,20260855
XZY,patch_x16912_y9072,16912,9072,test,spatial_stratified,0.01,130,20260855
XZY,patch_x16912_y9296,16912,9296,test,spatial_stratified,0.01,130,20260855
XZY,patch_x16912_y9520,16912,9520,test,spatial_stratified,0.01,130,20260855
XZY,patch_x16912_y9744,16912,9744,test,spatial_stratified,0.01,130,20260855
XZY,patch_x16912_y9968,16912,9968,test,spatial_stratified,0.01,130,20260855
XZY,patch_x17136_y10192,17136,10192,test,spatial_stratified,0.01,130,20260855
XZY,patch_x17136_y10416,17136,10416,test,spatial_stratified,0.01,130,20260855
XZY,patch_x17136_y10640,17136,10640,test,spatial_stratified,0.01,130,20260855
XZY,patch_x17136_y10864,17136,10864,test,spatial_stratified,0.01,130,20260855
XZY,patch_x17136_y11088,17136,11088,test,spatial_stratified,0.01,130,20260855
XZY,patch_x17136_y11312,17136,11312,test,spatial_stratified,0.01,130,20260855
XZY,patch_x17136_y11536,17136,11536,test,spatial_stratified,0.01,130,20260855
XZY,patch_x17136_y3920,17136,3920,test,spatial_stratified,0.01,130,20260855
XZY,patch_x17136_y4144,17136,4144,test,spatial_stratified,0.01,130,20260855
XZY,patch_x17136_y4368,17136,4368,test,spatial_stratified,0.01,130,20260855
XZY,patch_x17136_y4592,17136,4592,test,spatial_stratified,0.01,130,20260855
XZY,patch_x17136_y4816,17136,4816,test,spatial_stratified,0.01,130,20260855
XZY,patch_x17136_y5040,17136,5040,test,spatial_stratified,0.01,130,20260855
XZY,patch_x17136_y5264,17136,5264,test,spatial_stratified,0.01,130,20260855
XZY,patch_x17136_y5488,17136,5488,test,spatial_stratified,0.01,130,20260855
XZY,patch_x17136_y5712,17136,5712,test,spatial_stratified,0.01,130,20260855
XZY,patch_x17136_y5936,17136,5936,test,spatial_stratified,0.01,130,20260855
XZY,patch_x17136_y6160,17136,6160,test,spatial_stratified,0.01,130,20260855
XZY,patch_x17136_y6384,17136,6384,test,spatial_stratified,0.01,130,20260855
XZY,patch_x17136_y6608,17136,6608,test,spatial_stratified,0.01,130,20260855
XZY,patch_x17136_y6832,17136,6832,test,spatial_stratified,0.01,130,20260855
XZY,patch_x17136_y7056,17136,7056,test,spatial_stratified,0.01,130,20260855
XZY,patch_x17136_y7280,17136,7280,test,spatial_stratified,0.01,130,20260855
XZY,patch_x17136_y7504,17136,7504,test,spatial_stratified,0.01,130,20260855
XZY,patch_x17136_y7728,17136,7728,test,spatial_stratified,0.01,130,20260855
XZY,patch_x17136_y7952,17136,7952,test,spatial_stratified,0.01,130,20260855
XZY,patch_x17136_y8176,17136,8176,test,spatial_stratified,0.01,130,20260855
XZY,patch_x17136_y8400,17136,8400,test,spatial_stratified,0.01,130,20260855
XZY,patch_x17136_y8624,17136,8624,test,spatial_stratified,0.01,130,20260855
XZY,patch_x17136_y8848,17136,8848,test,spatial_stratified,0.01,130,20260855
XZY,patch_x17136_y9072,17136,9072,test,spatial_stratified,0.01,130,20260855
XZY,patch_x17136_y9296,17136,9296,test,spatial_stratified,0.01,130,20260855
XZY,patch_x17136_y9520,17136,9520,test,spatial_stratified,0.01,130,20260855
XZY,patch_x17136_y9744,17136,9744,test,spatial_stratified,0.01,130,20260855
XZY,patch_x17136_y9968,17136,9968,test,spatial_stratified,0.01,130,20260855
XZY,patch_x17360_y10192,17360,10192,test,spatial_stratified,0.01,130,20260855
XZY,patch_x17360_y10416,17360,10416,test,spatial_stratified,0.01,130,20260855
XZY,patch_x17360_y10640,17360,10640,test,spatial_stratified,0.01,130,20260855
XZY,patch_x17360_y10864,17360,10864,test,spatial_stratified,0.01,130,20260855
XZY,patch_x17360_y11088,17360,11088,test,spatial_stratified,0.01,130,20260855
XZY,patch_x17360_y11312,17360,11312,test,spatial_stratified,0.01,130,20260855
XZY,patch_x17360_y11536,17360,11536,test,spatial_stratified,0.01,130,20260855
XZY,patch_x17360_y3920,17360,3920,test,spatial_stratified,0.01,130,20260855
XZY,patch_x17360_y4144,17360,4144,test,spatial_stratified,0.01,130,20260855
XZY,patch_x17360_y4368,17360,4368,test,spatial_stratified,0.01,130,20260855
XZY,patch_x17360_y4592,17360,4592,test,spatial_stratified,0.01,130,20260855
XZY,patch_x17360_y4816,17360,4816,test,spatial_stratified,0.01,130,20260855
XZY,patch_x17360_y5040,17360,5040,test,spatial_stratified,0.01,130,20260855
XZY,patch_x17360_y5264,17360,5264,test,spatial_stratified,0.01,130,20260855
XZY,patch_x17360_y5488,17360,5488,test,spatial_stratified,0.01,130,20260855
XZY,patch_x17360_y5712,17360,5712,test,spatial_stratified,0.01,130,20260855
XZY,patch_x17360_y5936,17360,5936,test,spatial_stratified,0.01,130,20260855
XZY,patch_x17360_y6160,17360,6160,test,spatial_stratified,0.01,130,20260855
XZY,patch_x17360_y6384,17360,6384,test,spatial_stratified,0.01,130,20260855
XZY,patch_x17360_y6608,17360,6608,test,spatial_stratified,0.01,130,20260855
XZY,patch_x17360_y6832,17360,6832,test,spatial_stratified,0.01,130,20260855
XZY,patch_x17360_y7056,17360,7056,test,spatial_stratified,0.01,130,20260855
XZY,patch_x17360_y7280,17360,7280,test,spatial_stratified,0.01,130,20260855
XZY,patch_x17360_y7504,17360,7504,test,spatial_stratified,0.01,130,20260855
XZY,patch_x17360_y7728,17360,7728,test,spatial_stratified,0.01,130,20260855
XZY,patch_x17360_y7952,17360,7952,test,spatial_stratified,0.01,130,20260855
XZY,patch_x17360_y8176,17360,8176,test,spatial_stratified,0.01,130,20260855
XZY,patch_x17360_y8400,17360,8400,test,spatial_stratified,0.01,130,20260855
XZY,patch_x17360_y8624,17360,8624,test,spatial_stratified,0.01,130,20260855
XZY,patch_x17360_y8848,17360,8848,test,spatial_stratified,0.01,130,20260855
XZY,patch_x17360_y9072,17360,9072,test,spatial_stratified,0.01,130,20260855
XZY,patch_x17360_y9296,17360,9296,test,spatial_stratified,0.01,130,20260855
XZY,patch_x17360_y9520,17360,9520,test,spatial_stratified,0.01,130,20260855
XZY,patch_x17360_y9744,17360,9744,test,spatial_stratified,0.01,130,20260855
XZY,patch_x17360_y9968,17360,9968,test,spatial_stratified,0.01,130,20260855
XZY,patch_x17584_y10192,17584,10192,test,spatial_stratified,0.01,130,20260855
XZY,patch_x17584_y10416,17584,10416,test,spatial_stratified,0.01,130,20260855
XZY,patch_x17584_y10640,17584,10640,test,spatial_stratified,0.01,130,20260855
XZY,patch_x17584_y10864,17584,10864,test,spatial_stratified,0.01,130,20260855
XZY,patch_x17584_y11088,17584,11088,test,spatial_stratified,0.01,130,20260855
XZY,patch_x17584_y11312,17584,11312,test,spatial_stratified,0.01,130,20260855
XZY,patch_x17584_y11536,17584,11536,test,spatial_stratified,0.01,130,20260855
XZY,patch_x17584_y3920,17584,3920,test,spatial_stratified,0.01,130,20260855
XZY,patch_x17584_y4144,17584,4144,test,spatial_stratified,0.01,130,20260855
XZY,patch_x17584_y4368,17584,4368,test,spatial_stratified,0.01,130,20260855
XZY,patch_x17584_y4592,17584,4592,test,spatial_stratified,0.01,130,20260855
XZY,patch_x17584_y4816,17584,4816,test,spatial_stratified,0.01,130,20260855
XZY,patch_x17584_y5040,17584,5040,test,spatial_stratified,0.01,130,20260855
XZY,patch_x17584_y5264,17584,5264,test,spatial_stratified,0.01,130,20260855
XZY,patch_x17584_y5488,17584,5488,test,spatial_stratified,0.01,130,20260855
XZY,patch_x17584_y5712,17584,5712,test,spatial_stratified,0.01,130,20260855
XZY,patch_x17584_y5936,17584,5936,test,spatial_stratified,0.01,130,20260855
XZY,patch_x17584_y6160,17584,6160,test,spatial_stratified,0.01,130,20260855
XZY,patch_x17584_y6384,17584,6384,test,spatial_stratified,0.01,130,20260855
XZY,patch_x17584_y6608,17584,6608,test,spatial_stratified,0.01,130,20260855
XZY,patch_x17584_y6832,17584,6832,test,spatial_stratified,0.01,130,20260855
XZY,patch_x17584_y7056,17584,7056,test,spatial_stratified,0.01,130,20260855
XZY,patch_x17584_y7280,17584,7280,test,spatial_stratified,0.01,130,20260855
XZY,patch_x17584_y7504,17584,7504,test,spatial_stratified,0.01,130,20260855
XZY,patch_x17584_y7728,17584,7728,test,spatial_stratified,0.01,130,20260855
XZY,patch_x17584_y7952,17584,7952,test,spatial_stratified,0.01,130,20260855
XZY,patch_x17584_y8176,17584,8176,test,spatial_stratified,0.01,130,20260855
XZY,patch_x17584_y8400,17584,8400,test,spatial_stratified,0.01,130,20260855
XZY,patch_x17584_y8624,17584,8624,test,spatial_stratified,0.01,130,20260855
XZY,patch_x17584_y8848,17584,8848,test,spatial_stratified,0.01,130,20260855
XZY,patch_x17584_y9072,17584,9072,test,spatial_stratified,0.01,130,20260855
XZY,patch_x17584_y9296,17584,9296,test,spatial_stratified,0.01,130,20260855
XZY,patch_x17584_y9520,17584,9520,test,spatial_stratified,0.01,130,20260855
XZY,patch_x17584_y9744,17584,9744,test,spatial_stratified,0.01,130,20260855
XZY,patch_x17584_y9968,17584,9968,test,spatial_stratified,0.01,130,20260855
XZY,patch_x17808_y10192,17808,10192,test,spatial_stratified,0.01,130,20260855
XZY,patch_x17808_y10416,17808,10416,test,spatial_stratified,0.01,130,20260855
XZY,patch_x17808_y10640,17808,10640,test,spatial_stratified,0.01,130,20260855
XZY,patch_x17808_y10864,17808,10864,test,spatial_stratified,0.01,130,20260855
XZY,patch_x17808_y11088,17808,11088,test,spatial_stratified,0.01,130,20260855
XZY,patch_x17808_y11312,17808,11312,test,spatial_stratified,0.01,130,20260855
XZY,patch_x17808_y11536,17808,11536,test,spatial_stratified,0.01,130,20260855
XZY,patch_x17808_y4144,17808,4144,test,spatial_stratified,0.01,130,20260855
XZY,patch_x17808_y4368,17808,4368,test,spatial_stratified,0.01,130,20260855
XZY,patch_x17808_y4592,17808,4592,calibration,spatial_stratified,0.01,130,20260855
XZY,patch_x17808_y4816,17808,4816,test,spatial_stratified,0.01,130,20260855
XZY,patch_x17808_y5040,17808,5040,test,spatial_stratified,0.01,130,20260855
XZY,patch_x17808_y5264,17808,5264,test,spatial_stratified,0.01,130,20260855
XZY,patch_x17808_y5488,17808,5488,test,spatial_stratified,0.01,130,20260855
XZY,patch_x17808_y5712,17808,5712,test,spatial_stratified,0.01,130,20260855
XZY,patch_x17808_y5936,17808,5936,test,spatial_stratified,0.01,130,20260855
XZY,patch_x17808_y6160,17808,6160,test,spatial_stratified,0.01,130,20260855
XZY,patch_x17808_y6384,17808,6384,test,spatial_stratified,0.01,130,20260855
XZY,patch_x17808_y6608,17808,6608,test,spatial_stratified,0.01,130,20260855
XZY,patch_x17808_y6832,17808,6832,test,spatial_stratified,0.01,130,20260855
XZY,patch_x17808_y7056,17808,7056,test,spatial_stratified,0.01,130,20260855
XZY,patch_x17808_y7280,17808,7280,test,spatial_stratified,0.01,130,20260855
XZY,patch_x17808_y7504,17808,7504,test,spatial_stratified,0.01,130,20260855
XZY,patch_x17808_y7728,17808,7728,test,spatial_stratified,0.01,130,20260855
XZY,patch_x17808_y7952,17808,7952,test,spatial_stratified,0.01,130,20260855
XZY,patch_x17808_y8176,17808,8176,test,spatial_stratified,0.01,130,20260855
XZY,patch_x17808_y8400,17808,8400,test,spatial_stratified,0.01,130,20260855
XZY,patch_x17808_y8624,17808,8624,test,spatial_stratified,0.01,130,20260855
XZY,patch_x17808_y8848,17808,8848,test,spatial_stratified,0.01,130,20260855
XZY,patch_x17808_y9072,17808,9072,test,spatial_stratified,0.01,130,20260855
XZY,patch_x17808_y9296,17808,9296,test,spatial_stratified,0.01,130,20260855
XZY,patch_x17808_y9520,17808,9520,test,spatial_stratified,0.01,130,20260855
XZY,patch_x17808_y9744,17808,9744,test,spatial_stratified,0.01,130,20260855
XZY,patch_x17808_y9968,17808,9968,test,spatial_stratified,0.01,130,20260855
XZY,patch_x18032_y10192,18032,10192,test,spatial_stratified,0.01,130,20260855
XZY,patch_x18032_y10416,18032,10416,test,spatial_stratified,0.01,130,20260855
XZY,patch_x18032_y10640,18032,10640,test,spatial_stratified,0.01,130,20260855
XZY,patch_x18032_y10864,18032,10864,test,spatial_stratified,0.01,130,20260855
XZY,patch_x18032_y11088,18032,11088,test,spatial_stratified,0.01,130,20260855
XZY,patch_x18032_y11312,18032,11312,test,spatial_stratified,0.01,130,20260855
XZY,patch_x18032_y11536,18032,11536,test,spatial_stratified,0.01,130,20260855
XZY,patch_x18032_y4144,18032,4144,test,spatial_stratified,0.01,130,20260855
XZY,patch_x18032_y4368,18032,4368,test,spatial_stratified,0.01,130,20260855
XZY,patch_x18032_y4592,18032,4592,test,spatial_stratified,0.01,130,20260855
XZY,patch_x18032_y4816,18032,4816,test,spatial_stratified,0.01,130,20260855
XZY,patch_x18032_y5040,18032,5040,test,spatial_stratified,0.01,130,20260855
XZY,patch_x18032_y5264,18032,5264,test,spatial_stratified,0.01,130,20260855
XZY,patch_x18032_y5488,18032,5488,test,spatial_stratified,0.01,130,20260855
XZY,patch_x18032_y5712,18032,5712,test,spatial_stratified,0.01,130,20260855
XZY,patch_x18032_y5936,18032,5936,test,spatial_stratified,0.01,130,20260855
XZY,patch_x18032_y6160,18032,6160,test,spatial_stratified,0.01,130,20260855
XZY,patch_x18032_y6384,18032,6384,test,spatial_stratified,0.01,130,20260855
XZY,patch_x18032_y6608,18032,6608,test,spatial_stratified,0.01,130,20260855
XZY,patch_x18032_y6832,18032,6832,test,spatial_stratified,0.01,130,20260855
XZY,patch_x18032_y7056,18032,7056,test,spatial_stratified,0.01,130,20260855
XZY,patch_x18032_y7280,18032,7280,test,spatial_stratified,0.01,130,20260855
XZY,patch_x18032_y7504,18032,7504,test,spatial_stratified,0.01,130,20260855
XZY,patch_x18032_y7728,18032,7728,test,spatial_stratified,0.01,130,20260855
XZY,patch_x18032_y7952,18032,7952,test,spatial_stratified,0.01,130,20260855
XZY,patch_x18032_y8176,18032,8176,test,spatial_stratified,0.01,130,20260855
XZY,patch_x18032_y8400,18032,8400,test,spatial_stratified,0.01,130,20260855
XZY,patch_x18032_y8624,18032,8624,test,spatial_stratified,0.01,130,20260855
XZY,patch_x18032_y8848,18032,8848,test,spatial_stratified,0.01,130,20260855
XZY,patch_x18032_y9072,18032,9072,test,spatial_stratified,0.01,130,20260855
XZY,patch_x18032_y9296,18032,9296,test,spatial_stratified,0.01,130,20260855
XZY,patch_x18032_y9520,18032,9520,test,spatial_stratified,0.01,130,20260855
XZY,patch_x18032_y9744,18032,9744,test,spatial_stratified,0.01,130,20260855
XZY,patch_x18032_y9968,18032,9968,test,spatial_stratified,0.01,130,20260855
XZY,patch_x18256_y10192,18256,10192,test,spatial_stratified,0.01,130,20260855
XZY,patch_x18256_y10416,18256,10416,test,spatial_stratified,0.01,130,20260855
XZY,patch_x18256_y10640,18256,10640,test,spatial_stratified,0.01,130,20260855
XZY,patch_x18256_y10864,18256,10864,test,spatial_stratified,0.01,130,20260855
XZY,patch_x18256_y11088,18256,11088,test,spatial_stratified,0.01,130,20260855
XZY,patch_x18256_y11312,18256,11312,test,spatial_stratified,0.01,130,20260855
XZY,patch_x18256_y11984,18256,11984,test,spatial_stratified,0.01,130,20260855
XZY,patch_x18256_y12208,18256,12208,test,spatial_stratified,0.01,130,20260855
XZY,patch_x18256_y4368,18256,4368,test,spatial_stratified,0.01,130,20260855
XZY,patch_x18256_y4592,18256,4592,test,spatial_stratified,0.01,130,20260855
XZY,patch_x18256_y4816,18256,4816,test,spatial_stratified,0.01,130,20260855
XZY,patch_x18256_y5040,18256,5040,test,spatial_stratified,0.01,130,20260855
XZY,patch_x18256_y5264,18256,5264,test,spatial_stratified,0.01,130,20260855
XZY,patch_x18256_y5488,18256,5488,test,spatial_stratified,0.01,130,20260855
XZY,patch_x18256_y5712,18256,5712,test,spatial_stratified,0.01,130,20260855
XZY,patch_x18256_y5936,18256,5936,test,spatial_stratified,0.01,130,20260855
XZY,patch_x18256_y6160,18256,6160,test,spatial_stratified,0.01,130,20260855
XZY,patch_x18256_y6384,18256,6384,test,spatial_stratified,0.01,130,20260855
XZY,patch_x18256_y6608,18256,6608,test,spatial_stratified,0.01,130,20260855
XZY,patch_x18256_y6832,18256,6832,test,spatial_stratified,0.01,130,20260855
XZY,patch_x18256_y7056,18256,7056,test,spatial_stratified,0.01,130,20260855
XZY,patch_x18256_y7280,18256,7280,test,spatial_stratified,0.01,130,20260855
XZY,patch_x18256_y7504,18256,7504,test,spatial_stratified,0.01,130,20260855
XZY,patch_x18256_y7728,18256,7728,test,spatial_stratified,0.01,130,20260855
XZY,patch_x18256_y7952,18256,7952,test,spatial_stratified,0.01,130,20260855
XZY,patch_x18256_y8176,18256,8176,calibration,spatial_stratified,0.01,130,20260855
XZY,patch_x18256_y8400,18256,8400,test,spatial_stratified,0.01,130,20260855
XZY,patch_x18256_y8624,18256,8624,test,spatial_stratified,0.01,130,20260855
XZY,patch_x18256_y8848,18256,8848,test,spatial_stratified,0.01,130,20260855
XZY,patch_x18256_y9072,18256,9072,test,spatial_stratified,0.01,130,20260855
XZY,patch_x18256_y9296,18256,9296,test,spatial_stratified,0.01,130,20260855
XZY,patch_x18256_y9520,18256,9520,test,spatial_stratified,0.01,130,20260855
XZY,patch_x18256_y9744,18256,9744,calibration,spatial_stratified,0.01,130,20260855
XZY,patch_x18256_y9968,18256,9968,test,spatial_stratified,0.01,130,20260855
XZY,patch_x18480_y10192,18480,10192,test,spatial_stratified,0.01,130,20260855
XZY,patch_x18480_y10416,18480,10416,test,spatial_stratified,0.01,130,20260855
XZY,patch_x18480_y10640,18480,10640,test,spatial_stratified,0.01,130,20260855
XZY,patch_x18480_y10864,18480,10864,test,spatial_stratified,0.01,130,20260855
XZY,patch_x18480_y11088,18480,11088,test,spatial_stratified,0.01,130,20260855
XZY,patch_x18480_y11312,18480,11312,test,spatial_stratified,0.01,130,20260855
XZY,patch_x18480_y11536,18480,11536,test,spatial_stratified,0.01,130,20260855
XZY,patch_x18480_y11760,18480,11760,test,spatial_stratified,0.01,130,20260855
XZY,patch_x18480_y11984,18480,11984,test,spatial_stratified,0.01,130,20260855
XZY,patch_x18480_y4592,18480,4592,test,spatial_stratified,0.01,130,20260855
XZY,patch_x18480_y4816,18480,4816,test,spatial_stratified,0.01,130,20260855
XZY,patch_x18480_y5040,18480,5040,test,spatial_stratified,0.01,130,20260855
XZY,patch_x18480_y5264,18480,5264,test,spatial_stratified,0.01,130,20260855
XZY,patch_x18480_y5488,18480,5488,test,spatial_stratified,0.01,130,20260855
XZY,patch_x18480_y5712,18480,5712,test,spatial_stratified,0.01,130,20260855
XZY,patch_x18480_y5936,18480,5936,test,spatial_stratified,0.01,130,20260855
XZY,patch_x18480_y6160,18480,6160,test,spatial_stratified,0.01,130,20260855
XZY,patch_x18480_y6384,18480,6384,test,spatial_stratified,0.01,130,20260855
XZY,patch_x18480_y6608,18480,6608,test,spatial_stratified,0.01,130,20260855
XZY,patch_x18480_y6832,18480,6832,test,spatial_stratified,0.01,130,20260855
XZY,patch_x18480_y7056,18480,7056,test,spatial_stratified,0.01,130,20260855
XZY,patch_x18480_y7280,18480,7280,test,spatial_stratified,0.01,130,20260855
XZY,patch_x18480_y7504,18480,7504,test,spatial_stratified,0.01,130,20260855
XZY,patch_x18480_y7728,18480,7728,test,spatial_stratified,0.01,130,20260855
XZY,patch_x18480_y7952,18480,7952,test,spatial_stratified,0.01,130,20260855
XZY,patch_x18480_y8176,18480,8176,test,spatial_stratified,0.01,130,20260855
XZY,patch_x18480_y8624,18480,8624,test,spatial_stratified,0.01,130,20260855
XZY,patch_x18480_y8848,18480,8848,test,spatial_stratified,0.01,130,20260855
XZY,patch_x18480_y9072,18480,9072,test,spatial_stratified,0.01,130,20260855
XZY,patch_x18480_y9296,18480,9296,test,spatial_stratified,0.01,130,20260855
XZY,patch_x18480_y9520,18480,9520,test,spatial_stratified,0.01,130,20260855
XZY,patch_x18480_y9744,18480,9744,test,spatial_stratified,0.01,130,20260855
XZY,patch_x18480_y9968,18480,9968,test,spatial_stratified,0.01,130,20260855
XZY,patch_x18704_y10192,18704,10192,test,spatial_stratified,0.01,130,20260855
XZY,patch_x18704_y10416,18704,10416,test,spatial_stratified,0.01,130,20260855
XZY,patch_x18704_y10640,18704,10640,test,spatial_stratified,0.01,130,20260855
XZY,patch_x18704_y10864,18704,10864,test,spatial_stratified,0.01,130,20260855
XZY,patch_x18704_y11088,18704,11088,test,spatial_stratified,0.01,130,20260855
XZY,patch_x18704_y11536,18704,11536,test,spatial_stratified,0.01,130,20260855
XZY,patch_x18704_y11760,18704,11760,test,spatial_stratified,0.01,130,20260855
XZY,patch_x18704_y11984,18704,11984,test,spatial_stratified,0.01,130,20260855
XZY,patch_x18704_y4592,18704,4592,test,spatial_stratified,0.01,130,20260855
XZY,patch_x18704_y4816,18704,4816,test,spatial_stratified,0.01,130,20260855
XZY,patch_x18704_y5040,18704,5040,test,spatial_stratified,0.01,130,20260855
XZY,patch_x18704_y5264,18704,5264,test,spatial_stratified,0.01,130,20260855
XZY,patch_x18704_y5488,18704,5488,test,spatial_stratified,0.01,130,20260855
XZY,patch_x18704_y5712,18704,5712,test,spatial_stratified,0.01,130,20260855
XZY,patch_x18704_y5936,18704,5936,test,spatial_stratified,0.01,130,20260855
XZY,patch_x18704_y6160,18704,6160,test,spatial_stratified,0.01,130,20260855
XZY,patch_x18704_y6384,18704,6384,test,spatial_stratified,0.01,130,20260855
XZY,patch_x18704_y6608,18704,6608,test,spatial_stratified,0.01,130,20260855
XZY,patch_x18704_y6832,18704,6832,test,spatial_stratified,0.01,130,20260855
XZY,patch_x18704_y7056,18704,7056,test,spatial_stratified,0.01,130,20260855
XZY,patch_x18704_y7280,18704,7280,test,spatial_stratified,0.01,130,20260855
XZY,patch_x18704_y7504,18704,7504,test,spatial_stratified,0.01,130,20260855
XZY,patch_x18704_y7728,18704,7728,test,spatial_stratified,0.01,130,20260855
XZY,patch_x18704_y7952,18704,7952,test,spatial_stratified,0.01,130,20260855
XZY,patch_x18704_y8176,18704,8176,test,spatial_stratified,0.01,130,20260855
XZY,patch_x18704_y8848,18704,8848,test,spatial_stratified,0.01,130,20260855
XZY,patch_x18704_y9072,18704,9072,test,spatial_stratified,0.01,130,20260855
XZY,patch_x18704_y9296,18704,9296,test,spatial_stratified,0.01,130,20260855
XZY,patch_x18704_y9520,18704,9520,test,spatial_stratified,0.01,130,20260855
XZY,patch_x18704_y9744,18704,9744,test,spatial_stratified,0.01,130,20260855
XZY,patch_x18704_y9968,18704,9968,test,spatial_stratified,0.01,130,20260855
XZY,patch_x18928_y10192,18928,10192,test,spatial_stratified,0.01,130,20260855
XZY,patch_x18928_y10416,18928,10416,test,spatial_stratified,0.01,130,20260855
XZY,patch_x18928_y10640,18928,10640,test,spatial_stratified,0.01,130,20260855
XZY,patch_x18928_y10864,18928,10864,test,spatial_stratified,0.01,130,20260855
XZY,patch_x18928_y11088,18928,11088,test,spatial_stratified,0.01,130,20260855
XZY,patch_x18928_y11760,18928,11760,test,spatial_stratified,0.01,130,20260855
XZY,patch_x18928_y4816,18928,4816,test,spatial_stratified,0.01,130,20260855
XZY,patch_x18928_y5040,18928,5040,test,spatial_stratified,0.01,130,20260855
XZY,patch_x18928_y5264,18928,5264,test,spatial_stratified,0.01,130,20260855
XZY,patch_x18928_y5488,18928,5488,test,spatial_stratified,0.01,130,20260855
XZY,patch_x18928_y5712,18928,5712,test,spatial_stratified,0.01,130,20260855
XZY,patch_x18928_y5936,18928,5936,test,spatial_stratified,0.01,130,20260855
XZY,patch_x18928_y6160,18928,6160,test,spatial_stratified,0.01,130,20260855
XZY,patch_x18928_y6384,18928,6384,test,spatial_stratified,0.01,130,20260855
XZY,patch_x18928_y6608,18928,6608,test,spatial_stratified,0.01,130,20260855
XZY,patch_x18928_y6832,18928,6832,test,spatial_stratified,0.01,130,20260855
XZY,patch_x18928_y7056,18928,7056,test,spatial_stratified,0.01,130,20260855
XZY,patch_x18928_y7280,18928,7280,test,spatial_stratified,0.01,130,20260855
XZY,patch_x18928_y7504,18928,7504,test,spatial_stratified,0.01,130,20260855
XZY,patch_x18928_y7728,18928,7728,test,spatial_stratified,0.01,130,20260855
XZY,patch_x18928_y7952,18928,7952,test,spatial_stratified,0.01,130,20260855
XZY,patch_x18928_y8176,18928,8176,test,spatial_stratified,0.01,130,20260855
XZY,patch_x18928_y8400,18928,8400,test,spatial_stratified,0.01,130,20260855
XZY,patch_x18928_y9072,18928,9072,test,spatial_stratified,0.01,130,20260855
XZY,patch_x18928_y9520,18928,9520,test,spatial_stratified,0.01,130,20260855
XZY,patch_x18928_y9744,18928,9744,test,spatial_stratified,0.01,130,20260855
XZY,patch_x18928_y9968,18928,9968,test,spatial_stratified,0.01,130,20260855
XZY,patch_x19152_y10192,19152,10192,test,spatial_stratified,0.01,130,20260855
XZY,patch_x19152_y10416,19152,10416,test,spatial_stratified,0.01,130,20260855
XZY,patch_x19152_y10640,19152,10640,test,spatial_stratified,0.01,130,20260855
XZY,patch_x19152_y10864,19152,10864,test,spatial_stratified,0.01,130,20260855
XZY,patch_x19152_y11088,19152,11088,test,spatial_stratified,0.01,130,20260855
XZY,patch_x19152_y5040,19152,5040,test,spatial_stratified,0.01,130,20260855
XZY,patch_x19152_y5264,19152,5264,test,spatial_stratified,0.01,130,20260855
XZY,patch_x19152_y5488,19152,5488,test,spatial_stratified,0.01,130,20260855
XZY,patch_x19152_y5712,19152,5712,test,spatial_stratified,0.01,130,20260855
XZY,patch_x19152_y5936,19152,5936,test,spatial_stratified,0.01,130,20260855
XZY,patch_x19152_y6160,19152,6160,test,spatial_stratified,0.01,130,20260855
XZY,patch_x19152_y6384,19152,6384,test,spatial_stratified,0.01,130,20260855
XZY,patch_x19152_y6608,19152,6608,test,spatial_stratified,0.01,130,20260855
XZY,patch_x19152_y6832,19152,6832,test,spatial_stratified,0.01,130,20260855
XZY,patch_x19152_y7056,19152,7056,test,spatial_stratified,0.01,130,20260855
XZY,patch_x19152_y7280,19152,7280,test,spatial_stratified,0.01,130,20260855
XZY,patch_x19152_y7504,19152,7504,test,spatial_stratified,0.01,130,20260855
XZY,patch_x19152_y7728,19152,7728,test,spatial_stratified,0.01,130,20260855
XZY,patch_x19152_y7952,19152,7952,test,spatial_stratified,0.01,130,20260855
XZY,patch_x19152_y8176,19152,8176,test,spatial_stratified,0.01,130,20260855
XZY,patch_x19152_y8624,19152,8624,test,spatial_stratified,0.01,130,20260855
XZY,patch_x19152_y8848,19152,8848,test,spatial_stratified,0.01,130,20260855
XZY,patch_x19152_y9072,19152,9072,test,spatial_stratified,0.01,130,20260855
XZY,patch_x19152_y9296,19152,9296,test,spatial_stratified,0.01,130,20260855
XZY,patch_x19152_y9520,19152,9520,test,spatial_stratified,0.01,130,20260855
XZY,patch_x19152_y9968,19152,9968,test,spatial_stratified,0.01,130,20260855
XZY,patch_x19376_y10192,19376,10192,test,spatial_stratified,0.01,130,20260855
XZY,patch_x19376_y10416,19376,10416,test,spatial_stratified,0.01,130,20260855
XZY,patch_x19376_y10640,19376,10640,test,spatial_stratified,0.01,130,20260855
XZY,patch_x19376_y10864,19376,10864,test,spatial_stratified,0.01,130,20260855
XZY,patch_x19376_y5264,19376,5264,test,spatial_stratified,0.01,130,20260855
XZY,patch_x19376_y5488,19376,5488,test,spatial_stratified,0.01,130,20260855
XZY,patch_x19376_y5712,19376,5712,test,spatial_stratified,0.01,130,20260855
XZY,patch_x19376_y5936,19376,5936,test,spatial_stratified,0.01,130,20260855
XZY,patch_x19376_y6160,19376,6160,test,spatial_stratified,0.01,130,20260855
XZY,patch_x19376_y6384,19376,6384,test,spatial_stratified,0.01,130,20260855
XZY,patch_x19376_y6608,19376,6608,test,spatial_stratified,0.01,130,20260855
XZY,patch_x19376_y6832,19376,6832,test,spatial_stratified,0.01,130,20260855
XZY,patch_x19376_y7056,19376,7056,test,spatial_stratified,0.01,130,20260855
XZY,patch_x19376_y7280,19376,7280,test,spatial_stratified,0.01,130,20260855
XZY,patch_x19376_y7504,19376,7504,test,spatial_stratified,0.01,130,20260855
XZY,patch_x19376_y7728,19376,7728,test,spatial_stratified,0.01,130,20260855
XZY,patch_x19376_y7952,19376,7952,test,spatial_stratified,0.01,130,20260855
XZY,patch_x19376_y8176,19376,8176,test,spatial_stratified,0.01,130,20260855
XZY,patch_x19376_y8624,19376,8624,test,spatial_stratified,0.01,130,20260855
XZY,patch_x19376_y8848,19376,8848,calibration,spatial_stratified,0.01,130,20260855
XZY,patch_x19376_y9072,19376,9072,test,spatial_stratified,0.01,130,20260855
XZY,patch_x19376_y9296,19376,9296,test,spatial_stratified,0.01,130,20260855
XZY,patch_x19376_y9520,19376,9520,test,spatial_stratified,0.01,130,20260855
XZY,patch_x19376_y9744,19376,9744,test,spatial_stratified,0.01,130,20260855
XZY,patch_x19376_y9968,19376,9968,test,spatial_stratified,0.01,130,20260855
XZY,patch_x19600_y10416,19600,10416,test,spatial_stratified,0.01,130,20260855
XZY,patch_x19600_y10640,19600,10640,test,spatial_stratified,0.01,130,20260855
XZY,patch_x19600_y10864,19600,10864,test,spatial_stratified,0.01,130,20260855
XZY,patch_x19600_y5712,19600,5712,test,spatial_stratified,0.01,130,20260855
XZY,patch_x19600_y5936,19600,5936,test,spatial_stratified,0.01,130,20260855
XZY,patch_x19600_y6160,19600,6160,test,spatial_stratified,0.01,130,20260855
XZY,patch_x19600_y6384,19600,6384,test,spatial_stratified,0.01,130,20260855
XZY,patch_x19600_y6608,19600,6608,test,spatial_stratified,0.01,130,20260855
XZY,patch_x19600_y6832,19600,6832,test,spatial_stratified,0.01,130,20260855
XZY,patch_x19600_y7056,19600,7056,test,spatial_stratified,0.01,130,20260855
XZY,patch_x19600_y7280,19600,7280,test,spatial_stratified,0.01,130,20260855
XZY,patch_x19600_y7504,19600,7504,test,spatial_stratified,0.01,130,20260855
XZY,patch_x19600_y7728,19600,7728,test,spatial_stratified,0.01,130,20260855
XZY,patch_x19600_y7952,19600,7952,test,spatial_stratified,0.01,130,20260855
XZY,patch_x19600_y8176,19600,8176,test,spatial_stratified,0.01,130,20260855
XZY,patch_x19600_y8400,19600,8400,test,spatial_stratified,0.01,130,20260855
XZY,patch_x19600_y8624,19600,8624,test,spatial_stratified,0.01,130,20260855
XZY,patch_x19600_y8848,19600,8848,test,spatial_stratified,0.01,130,20260855
XZY,patch_x19600_y9072,19600,9072,test,spatial_stratified,0.01,130,20260855
XZY,patch_x19600_y9296,19600,9296,test,spatial_stratified,0.01,130,20260855
XZY,patch_x19600_y9520,19600,9520,test,spatial_stratified,0.01,130,20260855
XZY,patch_x19600_y9744,19600,9744,test,spatial_stratified,0.01,130,20260855
XZY,patch_x19824_y10192,19824,10192,test,spatial_stratified,0.01,130,20260855
XZY,patch_x19824_y10416,19824,10416,test,spatial_stratified,0.01,130,20260855
XZY,patch_x19824_y10640,19824,10640,test,spatial_stratified,0.01,130,20260855
XZY,patch_x19824_y10864,19824,10864,test,spatial_stratified,0.01,130,20260855
XZY,patch_x19824_y7056,19824,7056,test,spatial_stratified,0.01,130,20260855
XZY,patch_x19824_y7280,19824,7280,test,spatial_stratified,0.01,130,20260855
XZY,patch_x19824_y7504,19824,7504,test,spatial_stratified,0.01,130,20260855
XZY,patch_x19824_y7728,19824,7728,test,spatial_stratified,0.01,130,20260855
XZY,patch_x19824_y7952,19824,7952,test,spatial_stratified,0.01,130,20260855
XZY,patch_x19824_y8176,19824,8176,test,spatial_stratified,0.01,130,20260855
XZY,patch_x19824_y8400,19824,8400,test,spatial_stratified,0.01,130,20260855
XZY,patch_x19824_y8624,19824,8624,test,spatial_stratified,0.01,130,20260855
XZY,patch_x19824_y8848,19824,8848,test,spatial_stratified,0.01,130,20260855
XZY,patch_x19824_y9072,19824,9072,test,spatial_stratified,0.01,130,20260855
XZY,patch_x19824_y9296,19824,9296,test,spatial_stratified,0.01,130,20260855
XZY,patch_x19824_y9520,19824,9520,test,spatial_stratified,0.01,130,20260855
XZY,patch_x19824_y9744,19824,9744,test,spatial_stratified,0.01,130,20260855
XZY,patch_x19824_y9968,19824,9968,calibration,spatial_stratified,0.01,130,20260855
XZY,patch_x20048_y10192,20048,10192,test,spatial_stratified,0.01,130,20260855
XZY,patch_x20048_y10416,20048,10416,test,spatial_stratified,0.01,130,20260855
XZY,patch_x20048_y10640,20048,10640,test,spatial_stratified,0.01,130,20260855
XZY,patch_x20048_y11088,20048,11088,test,spatial_stratified,0.01,130,20260855
XZY,patch_x20048_y7504,20048,7504,test,spatial_stratified,0.01,130,20260855
XZY,patch_x20048_y7728,20048,7728,test,spatial_stratified,0.01,130,20260855
XZY,patch_x20048_y8848,20048,8848,test,spatial_stratified,0.01,130,20260855
XZY,patch_x20048_y9072,20048,9072,test,spatial_stratified,0.01,130,20260855
XZY,patch_x20048_y9296,20048,9296,test,spatial_stratified,0.01,130,20260855
XZY,patch_x20048_y9520,20048,9520,test,spatial_stratified,0.01,130,20260855
XZY,patch_x20048_y9744,20048,9744,test,spatial_stratified,0.01,130,20260855
XZY,patch_x20048_y9968,20048,9968,test,spatial_stratified,0.01,130,20260855
XZY,patch_x20272_y10192,20272,10192,test,spatial_stratified,0.01,130,20260855
XZY,patch_x20272_y10416,20272,10416,test,spatial_stratified,0.01,130,20260855
XZY,patch_x20272_y10640,20272,10640,test,spatial_stratified,0.01,130,20260855
XZY,patch_x20272_y10864,20272,10864,test,spatial_stratified,0.01,130,20260855
XZY,patch_x20272_y11088,20272,11088,test,spatial_stratified,0.01,130,20260855
XZY,patch_x20272_y11312,20272,11312,test,spatial_stratified,0.01,130,20260855
XZY,patch_x20272_y11536,20272,11536,test,spatial_stratified,0.01,130,20260855
XZY,patch_x20272_y7280,20272,7280,test,spatial_stratified,0.01,130,20260855
XZY,patch_x20272_y7504,20272,7504,test,spatial_stratified,0.01,130,20260855
XZY,patch_x20272_y7728,20272,7728,test,spatial_stratified,0.01,130,20260855
XZY,patch_x20272_y7952,20272,7952,test,spatial_stratified,0.01,130,20260855
XZY,patch_x20272_y8176,20272,8176,test,spatial_stratified,0.01,130,20260855
XZY,patch_x20272_y8400,20272,8400,test,spatial_stratified,0.01,130,20260855
XZY,patch_x20272_y8624,20272,8624,test,spatial_stratified,0.01,130,20260855
XZY,patch_x20272_y8848,20272,8848,test,spatial_stratified,0.01,130,20260855
XZY,patch_x20272_y9072,20272,9072,test,spatial_stratified,0.01,130,20260855
XZY,patch_x20272_y9296,20272,9296,test,spatial_stratified,0.01,130,20260855
XZY,patch_x20272_y9520,20272,9520,test,spatial_stratified,0.01,130,20260855
XZY,patch_x20272_y9744,20272,9744,test,spatial_stratified,0.01,130,20260855
XZY,patch_x20272_y9968,20272,9968,test,spatial_stratified,0.01,130,20260855
XZY,patch_x20496_y10192,20496,10192,test,spatial_stratified,0.01,130,20260855
XZY,patch_x20496_y10416,20496,10416,test,spatial_stratified,0.01,130,20260855
XZY,patch_x20496_y10640,20496,10640,test,spatial_stratified,0.01,130,20260855
XZY,patch_x20496_y10864,20496,10864,test,spatial_stratified,0.01,130,20260855
XZY,patch_x20496_y11088,20496,11088,test,spatial_stratified,0.01,130,20260855
XZY,patch_x20496_y11312,20496,11312,test,spatial_stratified,0.01,130,20260855
XZY,patch_x20496_y11536,20496,11536,test,spatial_stratified,0.01,130,20260855
XZY,patch_x20496_y11760,20496,11760,test,spatial_stratified,0.01,130,20260855
XZY,patch_x20496_y7280,20496,7280,test,spatial_stratified,0.01,130,20260855
XZY,patch_x20496_y7504,20496,7504,test,spatial_stratified,0.01,130,20260855
XZY,patch_x20496_y7728,20496,7728,test,spatial_stratified,0.01,130,20260855
XZY,patch_x20496_y7952,20496,7952,test,spatial_stratified,0.01,130,20260855
XZY,patch_x20496_y8176,20496,8176,test,spatial_stratified,0.01,130,20260855
XZY,patch_x20496_y8400,20496,8400,test,spatial_stratified,0.01,130,20260855
XZY,patch_x20496_y8624,20496,8624,test,spatial_stratified,0.01,130,20260855
XZY,patch_x20496_y8848,20496,8848,test,spatial_stratified,0.01,130,20260855
XZY,patch_x20496_y9072,20496,9072,test,spatial_stratified,0.01,130,20260855
XZY,patch_x20496_y9296,20496,9296,test,spatial_stratified,0.01,130,20260855
XZY,patch_x20496_y9520,20496,9520,test,spatial_stratified,0.01,130,20260855
XZY,patch_x20496_y9744,20496,9744,test,spatial_stratified,0.01,130,20260855
XZY,patch_x20496_y9968,20496,9968,test,spatial_stratified,0.01,130,20260855
XZY,patch_x20720_y10192,20720,10192,test,spatial_stratified,0.01,130,20260855
XZY,patch_x20720_y10640,20720,10640,test,spatial_stratified,0.01,130,20260855
XZY,patch_x20720_y10864,20720,10864,test,spatial_stratified,0.01,130,20260855
XZY,patch_x20720_y11088,20720,11088,test,spatial_stratified,0.01,130,20260855
XZY,patch_x20720_y11312,20720,11312,test,spatial_stratified,0.01,130,20260855
XZY,patch_x20720_y11536,20720,11536,test,spatial_stratified,0.01,130,20260855
XZY,patch_x20720_y11760,20720,11760,test,spatial_stratified,0.01,130,20260855
XZY,patch_x20720_y7280,20720,7280,test,spatial_stratified,0.01,130,20260855
XZY,patch_x20720_y7504,20720,7504,test,spatial_stratified,0.01,130,20260855
XZY,patch_x20720_y7728,20720,7728,test,spatial_stratified,0.01,130,20260855
XZY,patch_x20720_y7952,20720,7952,test,spatial_stratified,0.01,130,20260855
XZY,patch_x20720_y8176,20720,8176,test,spatial_stratified,0.01,130,20260855
XZY,patch_x20720_y8400,20720,8400,test,spatial_stratified,0.01,130,20260855
XZY,patch_x20720_y8624,20720,8624,test,spatial_stratified,0.01,130,20260855
XZY,patch_x20720_y8848,20720,8848,test,spatial_stratified,0.01,130,20260855
XZY,patch_x20720_y9072,20720,9072,test,spatial_stratified,0.01,130,20260855
XZY,patch_x20720_y9296,20720,9296,test,spatial_stratified,0.01,130,20260855
XZY,patch_x20720_y9520,20720,9520,test,spatial_stratified,0.01,130,20260855
XZY,patch_x20720_y9744,20720,9744,test,spatial_stratified,0.01,130,20260855
XZY,patch_x20720_y9968,20720,9968,test,spatial_stratified,0.01,130,20260855
XZY,patch_x20944_y10192,20944,10192,test,spatial_stratified,0.01,130,20260855
XZY,patch_x20944_y10416,20944,10416,test,spatial_stratified,0.01,130,20260855
XZY,patch_x20944_y10640,20944,10640,test,spatial_stratified,0.01,130,20260855
XZY,patch_x20944_y10864,20944,10864,test,spatial_stratified,0.01,130,20260855
XZY,patch_x20944_y11088,20944,11088,test,spatial_stratified,0.01,130,20260855
XZY,patch_x20944_y11312,20944,11312,test,spatial_stratified,0.01,130,20260855
XZY,patch_x20944_y11536,20944,11536,test,spatial_stratified,0.01,130,20260855
XZY,patch_x20944_y11760,20944,11760,test,spatial_stratified,0.01,130,20260855
XZY,patch_x20944_y7504,20944,7504,test,spatial_stratified,0.01,130,20260855
XZY,patch_x20944_y7728,20944,7728,test,spatial_stratified,0.01,130,20260855
XZY,patch_x20944_y7952,20944,7952,test,spatial_stratified,0.01,130,20260855
XZY,patch_x20944_y8176,20944,8176,test,spatial_stratified,0.01,130,20260855
XZY,patch_x20944_y8400,20944,8400,test,spatial_stratified,0.01,130,20260855
XZY,patch_x20944_y8624,20944,8624,test,spatial_stratified,0.01,130,20260855
XZY,patch_x20944_y8848,20944,8848,test,spatial_stratified,0.01,130,20260855
XZY,patch_x20944_y9072,20944,9072,test,spatial_stratified,0.01,130,20260855
XZY,patch_x20944_y9296,20944,9296,test,spatial_stratified,0.01,130,20260855
XZY,patch_x20944_y9520,20944,9520,test,spatial_stratified,0.01,130,20260855
XZY,patch_x20944_y9744,20944,9744,test,spatial_stratified,0.01,130,20260855
XZY,patch_x20944_y9968,20944,9968,test,spatial_stratified,0.01,130,20260855
XZY,patch_x21168_y10192,21168,10192,test,spatial_stratified,0.01,130,20260855
XZY,patch_x21168_y10640,21168,10640,test,spatial_stratified,0.01,130,20260855
XZY,patch_x21168_y10864,21168,10864,test,spatial_stratified,0.01,130,20260855
XZY,patch_x21168_y11088,21168,11088,test,spatial_stratified,0.01,130,20260855
XZY,patch_x21168_y11312,21168,11312,test,spatial_stratified,0.01,130,20260855
XZY,patch_x21168_y7952,21168,7952,test,spatial_stratified,0.01,130,20260855
XZY,patch_x21168_y8176,21168,8176,test,spatial_stratified,0.01,130,20260855
XZY,patch_x21168_y8400,21168,8400,test,spatial_stratified,0.01,130,20260855
XZY,patch_x21168_y9072,21168,9072,test,spatial_stratified,0.01,130,20260855
XZY,patch_x21168_y9296,21168,9296,test,spatial_stratified,0.01,130,20260855
XZY,patch_x21168_y9520,21168,9520,test,spatial_stratified,0.01,130,20260855
