experiment,arm,evidence_status,split,comparison_split,metric,mean,median,q1,q3,iqr,min,max,valid_pathways,baseline,fbr_mean,delta_candidate_better,delta_definition
huber_delta1,Huber,accepted,external_test,external_xzy,abs_moran_delta,,,,,,,,0,w007_fbr,0.10762428980820607,,FBR_mean-candidate_mean (positive=candidate_better)
huber_delta1,Huber,accepted,external_test,external_xzy,ccc,0.3973785018589197,0.3800760384261118,0.3037585200292015,0.5063120796115165,0.20255355958231497,0.06171200589159817,0.7572432115051935,30,w007_fbr,0.3988582103332689,-0.001479708474349195,candidate_mean-FBR_mean (positive=candidate_better)
huber_delta1,Huber,accepted,external_test,external_xzy,nrmse_sigma_train,0.7690378263781324,0.717809858895837,0.5453109688696998,0.9044277083168691,0.3591167394471694,0.3756309514142198,1.5098717866406874,30,w007_fbr,0.7672245654708524,-0.0018132609072800676,FBR_mean-candidate_mean (positive=candidate_better)
huber_delta1,Huber,accepted,external_test,external_xzy,pcc,0.5205145812633333,0.5651232861577308,0.3925515302368745,0.638950893536397,0.2463993632995225,0.17046900500056678,0.7860688099513973,30,w007_fbr,0.519386206636611,0.0011283746267223282,candidate_mean-FBR_mean (positive=candidate_better)
huber_delta1,Huber,accepted,external_test,external_xzy,raw_mae,1174.215922093128,1112.0712936830705,858.1447219052127,1356.7969824063161,498.65226050110346,360.55635116193355,2066.578113988168,30,w007_fbr,1176.211373424824,1.9954513316959037,FBR_mean-candidate_mean (positive=candidate_better)
huber_delta1,Huber,accepted,external_test,external_xzy,raw_r2,-0.09009133325487895,0.08943511563612788,-0.2830251604279183,0.2979264791525448,0.580951639580463,-2.6603334752957153,0.6136341297835677,30,w007_fbr,-0.08801664134310691,-0.0020746919117720364,candidate_mean-FBR_mean (positive=candidate_better)
huber_delta1,Huber,accepted,external_test,external_xzy,ssim,,,,,,,,0,w007_fbr,0.3093753110282321,,candidate_mean-FBR_mean (positive=candidate_better)
huber_delta1,Huber,accepted,external_test,external_xzy,z_mae,0.6184122444667427,0.6064406600262031,0.42445469539137876,0.7387998479245982,0.31434515253321943,0.1632257089637151,1.1881435911047642,30,w007_fbr,0.6191226720887658,0.0007104276220231132,FBR_mean-candidate_mean (positive=candidate_better)
huber_delta1,Huber,accepted,external_test,external_xzy,z_rmse,0.7690378263781324,0.717809858895837,0.5453109688696998,0.904427708316869,0.35911673944716926,0.3756309514142198,1.5098717866406877,30,w007_fbr,0.7672245654708524,-0.0018132609072800676,FBR_mean-candidate_mean (positive=candidate_better)
huber_mse,MSE,accepted,external_test,external_xzy,abs_moran_delta,,,,,,,,0,w007_fbr,0.10762428980820607,,FBR_mean-candidate_mean (positive=candidate_better)
huber_mse,MSE,accepted,external_test,external_xzy,ccc,0.3988582106489392,0.3847409685907094,0.2980295117282048,0.5146516843892189,0.21662217266101413,0.06091711884792773,0.7563415047764924,30,w007_fbr,0.3988582103332689,3.156703232143343e-10,candidate_mean-FBR_mean (positive=candidate_better)
huber_mse,MSE,accepted,external_test,external_xzy,nrmse_sigma_train,0.7672245655248499,0.7238223811227369,0.5363426120364645,0.9076907087668634,0.3713480967303989,0.3788674077510145,1.4482992421400633,30,w007_fbr,0.7672245654708524,-5.399747315948389e-11,FBR_mean-candidate_mean (positive=candidate_better)
huber_mse,MSE,accepted,external_test,external_xzy,pcc,0.5193862066831609,0.5601192515031256,0.3915032701670285,0.6366340743357597,0.24513080416873118,0.15060565009818044,0.7854307075114229,30,w007_fbr,0.519386206636611,4.6549986087995876e-11,candidate_mean-FBR_mean (positive=candidate_better)
huber_mse,MSE,accepted,external_test,external_xzy,raw_mae,1176.2113741177366,1111.0687692562858,859.1078316741526,1354.1110805245016,495.003248850349,425.5612409317337,2058.5854300959595,30,w007_fbr,1176.211373424824,-6.929126357135829e-07,FBR_mean-candidate_mean (positive=candidate_better)
huber_mse,MSE,accepted,external_test,external_xzy,raw_r2,-0.08801664087970794,0.08679702537326806,-0.27597119147175175,0.2909007001769064,0.5668718916486581,-2.6751053829709606,0.6128963318582452,30,w007_fbr,-0.08801664134310691,4.6339897197267277e-10,candidate_mean-FBR_mean (positive=candidate_better)
huber_mse,MSE,accepted,external_test,external_xzy,ssim,,,,,,,,0,w007_fbr,0.3093753110282321,,candidate_mean-FBR_mean (positive=candidate_better)
huber_mse,MSE,accepted,external_test,external_xzy,z_mae,0.6191226727714151,0.6125887088465544,0.4197467151324591,0.7421625528239244,0.3224158376914653,0.19265375588229064,1.1779072687874879,30,w007_fbr,0.6191226720887658,-6.826492704448128e-10,FBR_mean-candidate_mean (positive=candidate_better)
huber_mse,MSE,accepted,external_test,external_xzy,z_rmse,0.7672245655248499,0.7238223811227371,0.5363426120364645,0.9076907087668635,0.37134809673039904,0.3788674077510145,1.4482992421400631,30,w007_fbr,0.7672245654708524,-5.399747315948389e-11,FBR_mean-candidate_mean (positive=candidate_better)
lora_dropout10,LoRA_dropout10,accepted_smoke,external_test,external_xzy,abs_moran_delta,0.1162635807482984,0.10400069184624283,0.030919349744460825,0.16340219667179479,0.13248284692733397,0.007975289672815633,0.3632763554760925,30,w007_fbr,0.10762428980820607,-0.008639290940092331,FBR_mean-candidate_mean (positive=candidate_better)
lora_dropout10,LoRA_dropout10,accepted_smoke,external_test,external_xzy,ccc,0.37996169443596073,0.358745835160989,0.2857084770762258,0.5056402792465801,0.21993180217035424,0.048564913773491175,0.7311692299728249,30,w007_fbr,0.3988582103332689,-0.018896515897308175,candidate_mean-FBR_mean (positive=candidate_better)
lora_dropout10,LoRA_dropout10,accepted_smoke,external_test,external_xzy,nrmse_sigma_train,0.7841061214955223,0.7526882048149747,0.5568468408849099,0.9198060354718849,0.362959194586975,0.3907070854348975,1.4528708030935749,30,w007_fbr,0.7672245654708524,-0.016881556024669897,FBR_mean-candidate_mean (positive=candidate_better)
lora_dropout10,LoRA_dropout10,accepted_smoke,external_test,external_xzy,pcc,0.4972635078147471,0.5252662638854078,0.3805981919628377,0.6159654895139064,0.23536729755106872,0.11826299332511381,0.765516877769101,30,w007_fbr,0.519386206636611,-0.02212269882186385,candidate_mean-FBR_mean (positive=candidate_better)
lora_dropout10,LoRA_dropout10,accepted_smoke,external_test,external_xzy,raw_mae,1210.0803995424824,1153.1978302187754,875.1468975496718,1370.3927977854883,495.2459002358164,432.1929201647444,2080.5092082771794,30,w007_fbr,1176.211373424824,-33.86902611765845,FBR_mean-candidate_mean (positive=candidate_better)
lora_dropout10,LoRA_dropout10,accepted_smoke,external_test,external_xzy,raw_r2,-0.12927501606935843,0.03381114924388223,-0.3547259889337754,0.21760072634656435,0.5723267152803397,-2.5897571385790994,0.5842570224053047,30,w007_fbr,-0.08801664134310691,-0.04125837472625152,candidate_mean-FBR_mean (positive=candidate_better)
lora_dropout10,LoRA_dropout10,accepted_smoke,external_test,external_xzy,ssim,0.2895603936848108,0.2636304334424934,0.16584353979473324,0.43142955958994406,0.2655860197952108,-0.0989095817006344,0.6859867157176205,30,w007_fbr,0.3093753110282321,-0.019814917343421334,candidate_mean-FBR_mean (positive=candidate_better)
lora_dropout10,LoRA_dropout10,accepted_smoke,external_test,external_xzy,z_mae,0.6348630095047433,0.6248248795268045,0.4365048738354187,0.7499802211955511,0.3134753473601324,0.19565595107574593,1.139283594171463,30,w007_fbr,0.6191226720887658,-0.015740337415977468,FBR_mean-candidate_mean (positive=candidate_better)
lora_dropout10,LoRA_dropout10,accepted_smoke,external_test,external_xzy,z_rmse,0.7841061214955224,0.7526882048149746,0.5568468408849099,0.9198060354718849,0.362959194586975,0.3907070854348975,1.4528708030935749,30,w007_fbr,0.7672245654708524,-0.016881556024670008,FBR_mean-candidate_mean (positive=candidate_better)
lora_s0,S0,accepted_smoke,external_test,external_xzy,abs_moran_delta,0.1079198869946064,0.08845088894147016,0.027097959681261427,0.15691106100828947,0.12981310132702806,0.0010622717329039633,0.3409587101828234,30,w007_fbr,0.10762428980820607,-0.0002955971864003343,FBR_mean-candidate_mean (positive=candidate_better)
lora_s0,S0,accepted_smoke,external_test,external_xzy,ccc,0.38245700327648435,0.3640229157187457,0.2714151771628437,0.5194463779708917,0.24803120080804797,0.0559134734491635,0.720019712531626,30,w007_fbr,0.3988582103332689,-0.01640120705678455,candidate_mean-FBR_mean (positive=candidate_better)
lora_s0,S0,accepted_smoke,external_test,external_xzy,nrmse_sigma_train,0.7876187508349078,0.749886894450787,0.549468187273944,0.946679534397181,0.397211347123237,0.3746154641949545,1.4412564806389174,30,w007_fbr,0.7672245654708524,-0.02039418536405546,FBR_mean-candidate_mean (positive=candidate_better)
lora_s0,S0,accepted_smoke,external_test,external_xzy,pcc,0.507205144392427,0.5418881403356346,0.382632247996177,0.6389583281989709,0.2563260802027939,0.16506189785736297,0.7736800144520635,30,w007_fbr,0.519386206636611,-0.012181062244183916,candidate_mean-FBR_mean (positive=candidate_better)
lora_s0,S0,accepted_smoke,external_test,external_xzy,raw_mae,1215.2806783291696,1149.7316860578426,883.487041542011,1414.6153783758225,531.1283368338115,376.1294468352793,2067.3562123558695,30,w007_fbr,1176.211373424824,-39.0693049043457,FBR_mean-candidate_mean (positive=candidate_better)
lora_s0,S0,accepted_smoke,external_test,external_xzy,raw_r2,-0.1449111559675217,0.03596203612370624,-0.29004049673123133,0.2586611828614186,0.5487016795926499,-2.7363910642837888,0.5640131313669601,30,w007_fbr,-0.08801664134310691,-0.05689451462441478,candidate_mean-FBR_mean (positive=candidate_better)
lora_s0,S0,accepted_smoke,external_test,external_xzy,ssim,0.29875857915759163,0.2699864151728978,0.16805459897332353,0.4187661762782172,0.2507115773048937,-0.12307036753817294,0.7154302674230615,30,w007_fbr,0.3093753110282321,-0.010616731870640495,candidate_mean-FBR_mean (positive=candidate_better)
lora_s0,S0,accepted_smoke,external_test,external_xzy,z_mae,0.6385373984746009,0.6231559578320981,0.4343852783166747,0.7607092721423003,0.32632399382562566,0.1702757292278152,1.1801869961076996,30,w007_fbr,0.6191226720887658,-0.01941472638583508,FBR_mean-candidate_mean (positive=candidate_better)
lora_s0,S0,accepted_smoke,external_test,external_xzy,z_rmse,0.7876187508349078,0.749886894450787,0.549468187273944,0.946679534397181,0.397211347123237,0.3746154641949545,1.4412564806389176,30,w007_fbr,0.7672245654708524,-0.02039418536405546,FBR_mean-candidate_mean (positive=candidate_better)
lora_s1,S1,accepted_smoke,external_test,external_xzy,abs_moran_delta,0.11575591437991098,0.10820435406381906,0.02820026017330285,0.16597017814704515,0.1377699179737423,0.0006079343522191749,0.3272674491376829,30,w007_fbr,0.10762428980820607,-0.00813162457170491,FBR_mean-candidate_mean (positive=candidate_better)
lora_s1,S1,accepted_smoke,external_test,external_xzy,ccc,0.38218745812383015,0.36313711020885864,0.28172575040188086,0.5092412429806539,0.22751549257877302,0.04879102212860484,0.7335026470644572,30,w007_fbr,0.3988582103332689,-0.016670752209438755,candidate_mean-FBR_mean (positive=candidate_better)
lora_s1,S1,accepted_smoke,external_test,external_xzy,nrmse_sigma_train,0.7841854970168227,0.7620462164554379,0.5466050911450381,0.9417265320747661,0.395121440929728,0.38950690540860194,1.4550158557313742,30,w007_fbr,0.7672245654708524,-0.016960931545970337,FBR_mean-candidate_mean (positive=candidate_better)
lora_s1,S1,accepted_smoke,external_test,external_xzy,pcc,0.49523989251943357,0.5255874639831777,0.3864355416835941,0.6121416788024617,0.2257061371188676,0.12037379747856046,0.760693200701128,30,w007_fbr,0.519386206636611,-0.02414631411717738,candidate_mean-FBR_mean (positive=candidate_better)
lora_s1,S1,accepted_smoke,external_test,external_xzy,raw_mae,1206.826624521213,1156.621031432428,886.2078460443573,1372.3886011492204,486.1807551048631,414.59827619456024,2040.4448545997725,30,w007_fbr,1176.211373424824,-30.615251096389102,FBR_mean-candidate_mean (positive=candidate_better)
lora_s1,S1,accepted_smoke,external_test,external_xzy,raw_r2,-0.1358916119550982,0.04345342369497046,-0.339375971864767,0.24720438661694039,0.5865803584817073,-2.780192476067635,0.5784109346998632,30,w007_fbr,-0.08801664134310691,-0.04787497061199128,candidate_mean-FBR_mean (positive=candidate_better)
lora_s1,S1,accepted_smoke,external_test,external_xzy,ssim,0.292028829947055,0.2578413486436244,0.1698649274024738,0.44373125683617604,0.27386632943370226,-0.11481842379739707,0.6809370742481314,30,w007_fbr,0.3093753110282321,-0.017346481081177145,candidate_mean-FBR_mean (positive=candidate_better)
lora_s1,S1,accepted_smoke,external_test,external_xzy,z_mae,0.6339214929973838,0.6287065179117902,0.4337604856887873,0.7669893354483637,0.3332288497595764,0.1876907655319538,1.1415865169799329,30,w007_fbr,0.6191226720887658,-0.014798820908617949,FBR_mean-candidate_mean (positive=candidate_better)
lora_s1,S1,accepted_smoke,external_test,external_xzy,z_rmse,0.7841854970168228,0.7620462164554379,0.5466050911450381,0.9417265320747661,0.395121440929728,0.389506905408602,1.4550158557313744,30,w007_fbr,0.7672245654708524,-0.016960931545970448,FBR_mean-candidate_mean (positive=candidate_better)
w007_cpgcr,CPGCR,accepted,XZY,external_xzy,abs_moran_delta,0.10576249735883331,0.08954516274679486,0.040952286484011835,0.14835489349989012,0.10740260701587828,0.0016527525253851594,0.34691142681565434,30,w007_fbr,0.10762428980820607,0.0018617924493727622,FBR_mean-candidate_mean (positive=candidate_better)
w007_cpgcr,CPGCR,accepted,XZY,external_xzy,ccc,0.3992760249315292,0.3885785436744341,0.30058307469191015,0.5079487203061382,0.2073656456142281,0.06376838666874911,0.7467250237996377,30,w007_fbr,0.3988582103332689,0.000417814598260291,candidate_mean-FBR_mean (positive=candidate_better)
w007_cpgcr,CPGCR,accepted,XZY,external_xzy,nrmse_sigma_train,0.7656609435543505,0.7253318822702428,0.5400464104954941,0.9104611065070239,0.3704146960115299,0.37734243261604944,1.4377269251449265,30,w007_fbr,0.7672245654708524,0.001563621916501834,FBR_mean-candidate_mean (positive=candidate_better)
w007_cpgcr,CPGCR,accepted,XZY,external_xzy,pcc,0.5189825814661151,0.5556376968538135,0.38978119375251535,0.6371278963607375,0.24734670260822217,0.18270118217359788,0.7820776602628036,30,w007_fbr,0.519386206636611,-0.0004036251704958582,candidate_mean-FBR_mean (positive=candidate_better)
w007_cpgcr,CPGCR,accepted,XZY,external_xzy,raw_mae,1173.9017809544966,1118.7316643753697,867.5484681855282,1363.2687393651568,495.7202711796285,409.33565433341823,2039.2558877063639,30,w007_fbr,1176.211373424824,2.3095924703272885,FBR_mean-candidate_mean (positive=candidate_better)
w007_cpgcr,CPGCR,accepted,XZY,external_xzy,raw_r2,-0.08011925888060413,0.06927416289083133,-0.2886394400507578,0.2566651429686505,0.5453045830194083,-2.442089358268077,0.6039814908251633,30,w007_fbr,-0.08801664134310691,0.00789738246250278,candidate_mean-FBR_mean (positive=candidate_better)
w007_cpgcr,CPGCR,accepted,XZY,external_xzy,ssim,0.3106014486243962,0.26112082378598755,0.17802245940788414,0.4611670792011935,0.28314461979330935,-0.08100565361786659,0.7093845543839509,30,w007_fbr,0.3093753110282321,0.0012261375961640786,candidate_mean-FBR_mean (positive=candidate_better)
w007_cpgcr,CPGCR,accepted,XZY,external_xzy,z_mae,0.6181831814382087,0.613013688640637,0.42088422482134064,0.7460804031329894,0.32519617831164876,0.18530834963073717,1.1668470484292883,30,w007_fbr,0.6191226720887658,0.0009394906505570955,FBR_mean-candidate_mean (positive=candidate_better)
w007_cpgcr,CPGCR,accepted,XZY,external_xzy,z_rmse,0.7656609435543505,0.7253318822702428,0.5400464104954941,0.9104611065070237,0.37041469601152965,0.3773424326160495,1.4377269251449263,30,w007_fbr,0.7672245654708524,0.001563621916501834,FBR_mean-candidate_mean (positive=candidate_better)
w007_fbr,FBR,accepted,XZY,external_xzy,abs_moran_delta,0.10762428980820607,0.09174926251542642,0.03711875825526974,0.15305802175292166,0.11593926349765192,0.009527284979813144,0.34950420241683566,30,w007_fbr,0.10762428980820607,0.0,FBR_mean-candidate_mean (positive=candidate_better)
w007_fbr,FBR,accepted,XZY,external_xzy,ccc,0.3988582103332689,0.3847409725416536,0.2980295109618367,0.514651683400062,0.21662217243822524,0.06091711776052003,0.7563415015008274,30,w007_fbr,0.3988582103332689,0.0,candidate_mean-FBR_mean (positive=candidate_better)
w007_fbr,FBR,accepted,XZY,external_xzy,nrmse_sigma_train,0.7672245654708524,0.7238223869730366,0.536342610620614,0.9076907061152378,0.3713480954946239,0.3788674078393996,1.4482992430419752,30,w007_fbr,0.7672245654708524,0.0,FBR_mean-candidate_mean (positive=candidate_better)
w007_fbr,FBR,accepted,XZY,external_xzy,pcc,0.519386206636611,0.5601192567127009,0.3915032629891786,0.6366340707050546,0.24513080771587603,0.15060564397132303,0.7854307027829281,30,w007_fbr,0.519386206636611,0.0,candidate_mean-FBR_mean (positive=candidate_better)
w007_fbr,FBR,accepted,XZY,external_xzy,raw_mae,1176.211373424824,1111.0687724923296,859.1078225887286,1354.1110761834834,495.0032535947548,425.56124232780473,2058.5854193035357,30,w007_fbr,1176.211373424824,0.0,FBR_mean-candidate_mean (positive=candidate_better)
w007_fbr,FBR,accepted,XZY,external_xzy,raw_r2,-0.08801664134310691,0.08679702409294748,-0.2759711801027863,0.29090069774768595,0.5668718778504722,-2.6751053732089787,0.6128963259396727,30,w007_fbr,-0.08801664134310691,0.0,candidate_mean-FBR_mean (positive=candidate_better)
w007_fbr,FBR,accepted,XZY,external_xzy,ssim,0.3093753110282321,0.26382121927667324,0.18563271692942007,0.45206579350517184,0.26643307657575177,-0.09819135326511134,0.707291471568408,30,w007_fbr,0.3093753110282321,0.0,candidate_mean-FBR_mean (positive=candidate_better)
w007_fbr,FBR,accepted,XZY,external_xzy,z_mae,0.6191226720887658,0.6125887127316856,0.4197467142324227,0.7421625386146113,0.32241582438218863,0.1926537565142992,1.1779072626121432,30,w007_fbr,0.6191226720887658,0.0,FBR_mean-candidate_mean (positive=candidate_better)
w007_fbr,FBR,accepted,XZY,external_xzy,z_rmse,0.7672245654708524,0.7238223869730366,0.5363426106206141,0.907690706115238,0.371348095494624,0.37886740783939965,1.4482992430419752,30,w007_fbr,0.7672245654708524,0.0,FBR_mean-candidate_mean (positive=candidate_better)
w007_hcr,HCR,accepted,XZY,external_xzy,abs_moran_delta,0.10643514516036014,0.0878679948881518,0.039680575800033355,0.15041186772531248,0.11073129192527913,0.009016736229729316,0.34427960717492023,30,w007_fbr,0.10762428980820607,0.0011891446478459328,FBR_mean-candidate_mean (positive=candidate_better)
w007_hcr,HCR,accepted,XZY,external_xzy,ccc,0.3990296494349824,0.38966070609614895,0.29639636695017063,0.506565614314658,0.21016924736448733,0.06375589413127342,0.7549472792129486,30,w007_fbr,0.3988582103332689,0.00017143910171352195,candidate_mean-FBR_mean (positive=candidate_better)
w007_hcr,HCR,accepted,XZY,external_xzy,nrmse_sigma_train,0.7658811533810843,0.7192313939056945,0.5319737750028727,0.9086116681233947,0.376637893120522,0.3772096529901744,1.4378570039471554,30,w007_fbr,0.7672245654708524,0.0013434120897680701,FBR_mean-candidate_mean (positive=candidate_better)
w007_hcr,HCR,accepted,XZY,external_xzy,pcc,0.5194087881715367,0.5571598163792006,0.38708360729999264,0.636714476951193,0.24963086965120035,0.15461406047152246,0.7861679995737321,30,w007_fbr,0.519386206636611,2.2581534925736335e-05,candidate_mean-FBR_mean (positive=candidate_better)
w007_hcr,HCR,accepted,XZY,external_xzy,raw_mae,1174.5980769301036,1113.5904073642441,858.7663816613596,1349.1551881101943,490.38880644883477,410.53808272004255,2040.7235770029722,30,w007_fbr,1176.211373424824,1.6132964947203163,FBR_mean-candidate_mean (positive=candidate_better)
w007_hcr,HCR,accepted,XZY,external_xzy,raw_r2,-0.08265366882375587,0.07806435039748927,-0.2830210163295792,0.2679052775277069,0.5509262938572861,-2.545691854039656,0.6139640309814474,30,w007_fbr,-0.08801664134310691,0.005362972519351042,candidate_mean-FBR_mean (positive=candidate_better)
w007_hcr,HCR,accepted,XZY,external_xzy,ssim,0.31018128546592494,0.26150996400455506,0.18217519681058872,0.45909574042496637,0.2769205436143777,-0.0878450384397026,0.7138310835942864,30,w007_fbr,0.3093753110282321,0.0008059744376928135,candidate_mean-FBR_mean (positive=candidate_better)
w007_hcr,HCR,accepted,XZY,external_xzy,z_mae,0.6184862747528764,0.612672246087036,0.4198606328435822,0.7494236100652736,0.32956297722169137,0.185852695126947,1.167686849326313,30,w007_fbr,0.6191226720887658,0.0006363973358893826,FBR_mean-candidate_mean (positive=candidate_better)
w007_hcr,HCR,accepted,XZY,external_xzy,z_rmse,0.7658811533810843,0.7192313939056945,0.5319737750028728,0.9086116681233947,0.37663789312052187,0.3772096529901744,1.4378570039471554,30,w007_fbr,0.7672245654708524,0.0013434120897680701,FBR_mean-candidate_mean (positive=candidate_better)
w007_rcc,RCC,accepted,XZY,external_xzy,abs_moran_delta,0.1062827522990963,0.09173278740630669,0.03763332429588165,0.14709120022351074,0.1094578759276291,0.007061810331828622,0.3564588877800712,30,w007_fbr,0.10762428980820607,0.001341537509109772,FBR_mean-candidate_mean (positive=candidate_better)
w007_rcc,RCC,accepted,XZY,external_xzy,ccc,0.39783247115887393,0.3849482753149539,0.2972572551194377,0.5219392180913288,0.22468196297189114,0.06087929220634616,0.7404156830083796,30,w007_fbr,0.3988582103332689,-0.0010257391743949684,candidate_mean-FBR_mean (positive=candidate_better)
w007_rcc,RCC,accepted,XZY,external_xzy,nrmse_sigma_train,0.7675126765494,0.730633256498435,0.5470724525344361,0.911511949056318,0.3644394965218819,0.3769271424991154,1.4356312308311052,30,w007_fbr,0.7672245654708524,-0.00028811107854764817,FBR_mean-candidate_mean (positive=candidate_better)
w007_rcc,RCC,accepted,XZY,external_xzy,pcc,0.5164818422187001,0.5507291265722859,0.391536725764235,0.6391012534365784,0.24756452767234344,0.1827819989385098,0.7774502106103334,30,w007_fbr,0.519386206636611,-0.002904364417910865,candidate_mean-FBR_mean (positive=candidate_better)
w007_rcc,RCC,accepted,XZY,external_xzy,raw_mae,1177.1066842150624,1125.3751936539134,870.4438952769838,1352.784400456545,482.3405051795612,409.02540701775416,2046.2750131325881,30,w007_fbr,1176.211373424824,-0.8953107902384545,FBR_mean-candidate_mean (positive=candidate_better)
w007_rcc,RCC,accepted,XZY,external_xzy,raw_r2,-0.08757129572040458,0.07595578668824077,-0.2818654828247897,0.2770335456725609,0.5588990284973505,-2.513813884785724,0.5968140052208439,30,w007_fbr,-0.08801664134310691,0.0004453456227023339,candidate_mean-FBR_mean (positive=candidate_better)
w007_rcc,RCC,accepted,XZY,external_xzy,ssim,0.30977443952357425,0.2598780252958487,0.1782117426347838,0.4592182908663637,0.2810065482315799,-0.07819461068171206,0.7078404612050951,30,w007_fbr,0.3093753110282321,0.000399128495342127,candidate_mean-FBR_mean (positive=candidate_better)
w007_rcc,RCC,accepted,XZY,external_xzy,z_mae,0.6195923964342218,0.6135776592724715,0.42718537171138193,0.7438546355110208,0.3166692637996389,0.18516789908010847,1.1708633397812072,30,w007_fbr,0.6191226720887658,-0.00046972434545600183,FBR_mean-candidate_mean (positive=candidate_better)
w007_rcc,RCC,accepted,XZY,external_xzy,z_rmse,0.7675126765494001,0.730633256498435,0.547072452534436,0.9115119490563182,0.3644394965218821,0.3769271424991154,1.435631230831105,30,w007_fbr,0.7672245654708524,-0.0002881110785477592,FBR_mean-candidate_mean (positive=candidate_better)
lora_dropout10,LoRA_dropout10,accepted_smoke,internal_val,internal_val,abs_moran_delta,0.16429395501715854,0.13289042344627666,0.10694119210985026,0.2414752961891102,0.13453410407925995,0.0730957195129058,0.30836345466625636,30,w007_fbr,0.1715496360135799,0.007255680996421349,FBR_mean-candidate_mean (positive=candidate_better)
lora_dropout10,LoRA_dropout10,accepted_smoke,internal_val,internal_val,ccc,0.606015778473111,0.6282233076861776,0.5312239239235836,0.692955617823992,0.1617316939004083,0.3492073503764128,0.8356216562164994,30,w007_fbr,0.6078239843350842,-0.0018082058619731667,candidate_mean-FBR_mean (positive=candidate_better)
lora_dropout10,LoRA_dropout10,accepted_smoke,internal_val,internal_val,nrmse_sigma_train,0.6017579757611973,0.6001642437689807,0.5513902737564299,0.6433460216055691,0.09195574784913918,0.42558498291039587,0.9027794793344707,30,w007_fbr,0.595960664292921,-0.005797311468276223,FBR_mean-candidate_mean (positive=candidate_better)
lora_dropout10,LoRA_dropout10,accepted_smoke,internal_val,internal_val,pcc,0.6651214404150172,0.6924988286233409,0.5892705193925447,0.7407417952945387,0.15147127590199394,0.4382714489996,0.8680504818341224,30,w007_fbr,0.6673692342133599,-0.002247793798342723,candidate_mean-FBR_mean (positive=candidate_better)
lora_dropout10,LoRA_dropout10,accepted_smoke,internal_val,internal_val,raw_mae,899.2618709447472,846.4395178629327,798.1469766140283,1007.9494569054823,209.802480291454,540.977661051564,1665.113315475699,30,w007_fbr,887.7433103903018,-11.518560554445457,FBR_mean-candidate_mean (positive=candidate_better)
lora_dropout10,LoRA_dropout10,accepted_smoke,internal_val,internal_val,raw_r2,0.1870265584822142,0.42736521695559004,0.2968416560446684,0.497640619289369,0.2007989632447006,-6.579566702748256,0.7127102707699852,30,w007_fbr,0.14269255869469882,0.04433399978751537,candidate_mean-FBR_mean (positive=candidate_better)
lora_dropout10,LoRA_dropout10,accepted_smoke,internal_val,internal_val,ssim,,,,,,,,0,w007_fbr,,,candidate_mean-FBR_mean (positive=candidate_better)
lora_dropout10,LoRA_dropout10,accepted_smoke,internal_val,internal_val,z_mae,0.4622084791357744,0.4613851811368038,0.4085081143675778,0.4985925422906211,0.09008442792304333,0.3277781179603194,0.6889419142286236,30,w007_fbr,0.45681356667509454,-0.005394912460679857,FBR_mean-candidate_mean (positive=candidate_better)
lora_dropout10,LoRA_dropout10,accepted_smoke,internal_val,internal_val,z_rmse,0.6017579757611973,0.6001642437689807,0.5513902737564299,0.6433460216055691,0.09195574784913918,0.42558498291039587,0.9027794793344706,30,w007_fbr,0.595960664292921,-0.005797311468276223,FBR_mean-candidate_mean (positive=candidate_better)
lora_s0,S0,accepted_smoke,internal_val,internal_val,abs_moran_delta,0.1658790473366452,0.1400139064430012,0.10145310577073122,0.2404014271942555,0.13894832142352428,0.07679103570444297,0.326999613268183,30,w007_fbr,0.1715496360135799,0.005670588676934679,FBR_mean-candidate_mean (positive=candidate_better)
lora_s0,S0,accepted_smoke,internal_val,internal_val,ccc,0.610396707332439,0.6344571501685365,0.5147298146945768,0.7013401256826101,0.18661031098803327,0.36865962069979824,0.8424874722558952,30,w007_fbr,0.6078239843350842,0.0025727229973547816,candidate_mean-FBR_mean (positive=candidate_better)
lora_s0,S0,accepted_smoke,internal_val,internal_val,nrmse_sigma_train,0.5992795737466152,0.5946021410277716,0.5468132465471663,0.6358117774909126,0.08899853094374621,0.41726554777374764,0.8953852520788924,30,w007_fbr,0.595960664292921,-0.0033189094536941743,FBR_mean-candidate_mean (positive=candidate_better)
lora_s0,S0,accepted_smoke,internal_val,internal_val,pcc,0.6673129123928399,0.6931489015520984,0.5858284502776067,0.746755723825782,0.16092727354817538,0.450799317997463,0.8699869701020106,30,w007_fbr,0.6673692342133599,-5.632182052006662e-05,candidate_mean-FBR_mean (positive=candidate_better)
lora_s0,S0,accepted_smoke,internal_val,internal_val,raw_mae,890.6956649725121,845.081743728714,788.2294284711134,996.9611453830429,208.73171691192954,549.7261210528882,1644.5938134463952,30,w007_fbr,887.7433103903018,-2.9523545822103188,FBR_mean-candidate_mean (positive=candidate_better)
lora_s0,S0,accepted_smoke,internal_val,internal_val,raw_r2,0.18403153351791637,0.4280612346477247,0.28922712053011296,0.5183661423479453,0.22913902181783236,-6.800712214679797,0.7240513121337971,30,w007_fbr,0.14269255869469882,0.04133897482321755,candidate_mean-FBR_mean (positive=candidate_better)
lora_s0,S0,accepted_smoke,internal_val,internal_val,ssim,,,,,,,,0,w007_fbr,,,candidate_mean-FBR_mean (positive=candidate_better)
lora_s0,S0,accepted_smoke,internal_val,internal_val,z_mae,0.45841696752797356,0.4581284336426892,0.4052891613413123,0.5000381080020223,0.09474894666070999,0.31872608476885483,0.6737227411285388,30,w007_fbr,0.45681356667509454,-0.0016034008528790222,FBR_mean-candidate_mean (positive=candidate_better)
lora_s0,S0,accepted_smoke,internal_val,internal_val,z_rmse,0.5992795737466152,0.5946021410277718,0.5468132465471665,0.6358117774909126,0.0889985309437461,0.41726554777374764,0.8953852520788922,30,w007_fbr,0.595960664292921,-0.0033189094536941743,FBR_mean-candidate_mean (positive=candidate_better)
lora_s1,S1,accepted_smoke,internal_val,internal_val,abs_moran_delta,0.1666874438834499,0.13773064201351046,0.10667266305675976,0.2454408651464044,0.13876820208964463,0.07593353056167103,0.31523030770921656,30,w007_fbr,0.1715496360135799,0.004862192130130005,FBR_mean-candidate_mean (positive=candidate_better)
lora_s1,S1,accepted_smoke,internal_val,internal_val,ccc,0.6081888736408776,0.6335452945280378,0.5275332794635422,0.6982268664052752,0.17069358694173298,0.34937115702174165,0.8359428483539272,30,w007_fbr,0.6078239843350842,0.00036488930579337,candidate_mean-FBR_mean (positive=candidate_better)
lora_s1,S1,accepted_smoke,internal_val,internal_val,nrmse_sigma_train,0.6022882664809539,0.599172150866798,0.5505448675046465,0.645217110960492,0.09467224345584546,0.42274006515234586,0.9003039222719534,30,w007_fbr,0.595960664292921,-0.006327602188032855,FBR_mean-candidate_mean (positive=candidate_better)
lora_s1,S1,accepted_smoke,internal_val,internal_val,pcc,0.6649530848307278,0.6931141614567933,0.5881584066028318,0.7408535978513542,0.15269519124852238,0.4336625055634795,0.867503271107674,30,w007_fbr,0.6673692342133599,-0.0024161493826321268,candidate_mean-FBR_mean (positive=candidate_better)
lora_s1,S1,accepted_smoke,internal_val,internal_val,raw_mae,897.9109952023758,846.9447966234784,802.3283790325014,1006.5503951256145,204.2220160931131,543.3244175611561,1654.0515338997773,30,w007_fbr,887.7433103903018,-10.167684812074071,FBR_mean-candidate_mean (positive=candidate_better)
lora_s1,S1,accepted_smoke,internal_val,internal_val,raw_r2,0.17922204130618463,0.42439853012879675,0.2876779784658445,0.5007067164050429,0.21302873793919846,-6.7279188918041095,0.7162192227405235,30,w007_fbr,0.14269255869469882,0.03652948261148581,candidate_mean-FBR_mean (positive=candidate_better)
lora_s1,S1,accepted_smoke,internal_val,internal_val,ssim,,,,,,,,0,w007_fbr,,,candidate_mean-FBR_mean (positive=candidate_better)
lora_s1,S1,accepted_smoke,internal_val,internal_val,z_mae,0.46171820754507975,0.45584617960874363,0.4111979518913856,0.4999198225548205,0.0887218706634349,0.3277675601917351,0.6816289936474157,30,w007_fbr,0.45681356667509454,-0.004904640869985211,FBR_mean-candidate_mean (positive=candidate_better)
lora_s1,S1,accepted_smoke,internal_val,internal_val,z_rmse,0.6022882664809539,0.599172150866798,0.5505448675046465,0.645217110960492,0.09467224345584546,0.42274006515234586,0.9003039222719532,30,w007_fbr,0.595960664292921,-0.006327602188032855,FBR_mean-candidate_mean (positive=candidate_better)
w007_cpgcr,CPGCR,accepted,internal_val,internal_val,abs_moran_delta,0.17081887786171815,0.13620167717091203,0.10861257280007473,0.24754528444134066,0.13893271164126592,0.07025957254088928,0.3368855211247553,30,w007_fbr,0.1715496360135799,0.0007307581518617434,FBR_mean-candidate_mean (positive=candidate_better)
w007_cpgcr,CPGCR,accepted,internal_val,internal_val,ccc,0.610275653855219,0.6358861167036541,0.5154319744297345,0.6963262912528724,0.18089431682313784,0.3612585062498174,0.8486746850318158,30,w007_fbr,0.6078239843350842,0.0024516695201347583,candidate_mean-FBR_mean (positive=candidate_better)
w007_cpgcr,CPGCR,accepted,internal_val,internal_val,nrmse_sigma_train,0.5945455219998638,0.5916078241182908,0.5442426712384778,0.6366470195800911,0.09240434834161326,0.4061553442084278,0.8924641260595331,30,w007_fbr,0.595960664292921,0.001415142293057281,FBR_mean-candidate_mean (positive=candidate_better)
w007_cpgcr,CPGCR,accepted,internal_val,internal_val,pcc,0.668860705205277,0.6956521590613385,0.5909186648437759,0.74184071707058,0.1509220522268041,0.4455237519093458,0.8748853796111803,30,w007_fbr,0.6673692342133599,0.0014914709919170432,candidate_mean-FBR_mean (positive=candidate_better)
w007_cpgcr,CPGCR,accepted,internal_val,internal_val,raw_mae,884.5954434776783,843.7458288194559,781.6306800206359,984.7394411347916,203.10876111415575,538.3269000789709,1648.812786853654,30,w007_fbr,887.7433103903018,3.147866912623499,FBR_mean-candidate_mean (positive=candidate_better)
w007_cpgcr,CPGCR,accepted,internal_val,internal_val,raw_r2,0.19903010709798036,0.44239236104251867,0.29726874604021986,0.5217995569443459,0.22453081090412602,-6.618113268505536,0.7377011046749765,30,w007_fbr,0.14269255869469882,0.056337548403281534,candidate_mean-FBR_mean (positive=candidate_better)
w007_cpgcr,CPGCR,accepted,internal_val,internal_val,ssim,,,,,,,,0,w007_fbr,,,candidate_mean-FBR_mean (positive=candidate_better)
w007_cpgcr,CPGCR,accepted,internal_val,internal_val,z_mae,0.4554242559761955,0.45243432371678316,0.40136360287313577,0.49892922274753787,0.0975656198744021,0.3149558283727744,0.6711551600878987,30,w007_fbr,0.45681356667509454,0.0013893106988990267,FBR_mean-candidate_mean (positive=candidate_better)
w007_cpgcr,CPGCR,accepted,internal_val,internal_val,z_rmse,0.5945455219998638,0.5916078241182907,0.5442426712384778,0.6366470195800911,0.09240434834161326,0.4061553442084278,0.8924641260595331,30,w007_fbr,0.595960664292921,0.001415142293057281,FBR_mean-candidate_mean (positive=candidate_better)
w007_fbr,FBR,accepted,internal_val,internal_val,abs_moran_delta,0.1715496360135799,0.13666592867105537,0.10240401528642665,0.25534983297862296,0.1529458176921963,0.07110169831311253,0.3376747382244396,30,w007_fbr,0.1715496360135799,0.0,FBR_mean-candidate_mean (positive=candidate_better)
w007_fbr,FBR,accepted,internal_val,internal_val,ccc,0.6078239843350842,0.6328158901656019,0.5192922682214149,0.6948912073022628,0.1755989390808479,0.36688847012905473,0.8438368416311314,30,w007_fbr,0.6078239843350842,0.0,candidate_mean-FBR_mean (positive=candidate_better)
w007_fbr,FBR,accepted,internal_val,internal_val,nrmse_sigma_train,0.595960664292921,0.5927236086013098,0.5455298674524438,0.6383389178354801,0.09280905038303633,0.4067381145536344,0.8931390874949557,30,w007_fbr,0.595960664292921,0.0,FBR_mean-candidate_mean (positive=candidate_better)
w007_fbr,FBR,accepted,internal_val,internal_val,pcc,0.6673692342133599,0.6951850865853662,0.5875740594063987,0.7416053292446327,0.154031269838234,0.44132991484000206,0.873342958318462,30,w007_fbr,0.6673692342133599,0.0,candidate_mean-FBR_mean (positive=candidate_better)
w007_fbr,FBR,accepted,internal_val,internal_val,raw_mae,887.7433103903018,843.2133318408863,786.1135478832599,984.3721955647995,198.25864768153963,542.5497830130666,1664.3596846840162,30,w007_fbr,887.7433103903018,0.0,FBR_mean-candidate_mean (positive=candidate_better)
w007_fbr,FBR,accepted,internal_val,internal_val,raw_r2,0.14269255869469882,0.4396863126681352,0.29552697589072413,0.519703908718071,0.2241769328273469,-8.216878482124372,0.7368028007751898,30,w007_fbr,0.14269255869469882,0.0,candidate_mean-FBR_mean (positive=candidate_better)
w007_fbr,FBR,accepted,internal_val,internal_val,ssim,,,,,,,,0,w007_fbr,,,candidate_mean-FBR_mean (positive=candidate_better)
w007_fbr,FBR,accepted,internal_val,internal_val,z_mae,0.45681356667509454,0.45239125840092176,0.40590018891916485,0.502447484058128,0.09654729513896315,0.3165336546384481,0.672833304316419,30,w007_fbr,0.45681356667509454,0.0,FBR_mean-candidate_mean (positive=candidate_better)
w007_fbr,FBR,accepted,internal_val,internal_val,z_rmse,0.595960664292921,0.5927236086013099,0.5455298674524438,0.6383389178354801,0.09280905038303633,0.40673811455363434,0.8931390874949557,30,w007_fbr,0.595960664292921,0.0,FBR_mean-candidate_mean (positive=candidate_better)
w007_hcr,HCR,accepted,internal_val,internal_val,abs_moran_delta,0.1709216243250224,0.13636233702060552,0.10615610152169183,0.2538559567186817,0.1476998551969899,0.06989171124521933,0.335698967256497,30,w007_fbr,0.1715496360135799,0.0006280116885575004,FBR_mean-candidate_mean (positive=candidate_better)
w007_hcr,HCR,accepted,internal_val,internal_val,ccc,0.6086773826042394,0.6365213089534839,0.5115871166117618,0.6948156949500762,0.1832285783383144,0.36102335144909325,0.8482940350989333,30,w007_fbr,0.6078239843350842,0.0008533982691552033,candidate_mean-FBR_mean (positive=candidate_better)
w007_hcr,HCR,accepted,internal_val,internal_val,nrmse_sigma_train,0.5951035594746709,0.5925361469276564,0.5438318396468451,0.6359456040756468,0.0921137644288017,0.40583486054497836,0.8932905207823657,30,w007_fbr,0.595960664292921,0.0008571048182501873,FBR_mean-candidate_mean (positive=candidate_better)
w007_hcr,HCR,accepted,internal_val,internal_val,pcc,0.6675052968198522,0.6957516974769409,0.5887944709672394,0.7417605271253119,0.15296605615807257,0.44419009365674916,0.8743020767512949,30,w007_fbr,0.6673692342133599,0.00013606260649223767,candidate_mean-FBR_mean (positive=candidate_better)
w007_hcr,HCR,accepted,internal_val,internal_val,raw_mae,885.1900830656201,842.5646499690174,782.8597297177699,983.1716221893555,200.31189247158557,540.5059473479504,1659.0834812808298,30,w007_fbr,887.7433103903018,2.553227324681643,FBR_mean-candidate_mean (positive=candidate_better)
w007_hcr,HCR,accepted,internal_val,internal_val,raw_r2,0.170155058431133,0.4415540356742972,0.2965245610012349,0.5230162814613291,0.22649172046009414,-7.439600739537748,0.7378709279542534,30,w007_fbr,0.14269255869469882,0.027462499736434165,candidate_mean-FBR_mean (positive=candidate_better)
w007_hcr,HCR,accepted,internal_val,internal_val,ssim,,,,,,,,0,w007_fbr,,,candidate_mean-FBR_mean (positive=candidate_better)
w007_hcr,HCR,accepted,internal_val,internal_val,z_mae,0.45568852814331623,0.45191069194076444,0.40367793628818394,0.4994453111893186,0.09576737490113468,0.3130924068234634,0.6723032948005216,30,w007_fbr,0.45681356667509454,0.0011250385317783107,FBR_mean-candidate_mean (positive=candidate_better)
w007_hcr,HCR,accepted,internal_val,internal_val,z_rmse,0.5951035594746709,0.5925361469276564,0.5438318396468451,0.6359456040756468,0.0921137644288017,0.40583486054497836,0.8932905207823657,30,w007_fbr,0.595960664292921,0.0008571048182501873,FBR_mean-candidate_mean (positive=candidate_better)
w007_rcc,RCC,accepted,internal_val,internal_val,abs_moran_delta,0.17057687596084828,0.13656042943793933,0.1097736975139937,0.24814010537765954,0.13836640786366583,0.070492276350207,0.3351659975158581,30,w007_fbr,0.1715496360135799,0.0009727600527316138,FBR_mean-candidate_mean (positive=candidate_better)
w007_rcc,RCC,accepted,internal_val,internal_val,ccc,0.6112060622089615,0.6357881282399491,0.5184916923402262,0.6975475136211018,0.1790558212808756,0.35868268833853795,0.849714953739004,30,w007_fbr,0.6078239843350842,0.0033820778738772317,candidate_mean-FBR_mean (positive=candidate_better)
w007_rcc,RCC,accepted,internal_val,internal_val,nrmse_sigma_train,0.5940845095947318,0.5912847536972705,0.5435926418183421,0.6357807728644541,0.09218813104611201,0.406086599210212,0.8935894509435763,30,w007_fbr,0.595960664292921,0.0018761546981892474,FBR_mean-candidate_mean (positive=candidate_better)
w007_rcc,RCC,accepted,internal_val,internal_val,pcc,0.6690632603683094,0.6955076217318337,0.590814460648138,0.7419189786157518,0.15110451796761382,0.44014295468775677,0.8750090901974169,30,w007_fbr,0.6673692342133599,0.0016940261549495128,candidate_mean-FBR_mean (positive=candidate_better)
w007_rcc,RCC,accepted,internal_val,internal_val,raw_mae,883.459390049333,840.6686026027478,780.7828744063928,983.8859590028346,203.10308459644182,537.6760507997434,1643.929335504943,30,w007_fbr,887.7433103903018,4.283920340968734,FBR_mean-candidate_mean (positive=candidate_better)
w007_rcc,RCC,accepted,internal_val,internal_val,raw_r2,0.2057935573787309,0.4441411611022874,0.3044367042738953,0.520729612466278,0.21629290819238273,-6.435810783873291,0.7381671814886342,30,w007_fbr,0.14269255869469882,0.06310099868403207,candidate_mean-FBR_mean (positive=candidate_better)
w007_rcc,RCC,accepted,internal_val,internal_val,ssim,,,,,,,,0,w007_fbr,,,candidate_mean-FBR_mean (positive=candidate_better)
w007_rcc,RCC,accepted,internal_val,internal_val,z_mae,0.45483718649013843,0.45062655879304525,0.40102123401994905,0.49869189316846063,0.09767065914851158,0.3154363139064728,0.6720367562564117,30,w007_fbr,0.45681356667509454,0.001976380184956106,FBR_mean-candidate_mean (positive=candidate_better)
w007_rcc,RCC,accepted,internal_val,internal_val,z_rmse,0.5940845095947318,0.5912847536972705,0.5435926418183422,0.6357807728644541,0.0921881310461119,0.406086599210212,0.8935894509435763,30,w007_fbr,0.595960664292921,0.0018761546981892474,FBR_mean-candidate_mean (positive=candidate_better)
