pathway,Mode_A1_Pure_OLS_Unconstrained_k,Mode_A1_Pure_OLS_Unconstrained_pcc,Mode_A1_Pure_OLS_Unconstrained_delta_pcc,Mode_A1_Pure_OLS_Unconstrained_pcc_changed,Mode_A2_Positive_OLS_Unconstrained_k,Mode_A2_Positive_OLS_Unconstrained_pcc,Mode_A2_Positive_OLS_Unconstrained_delta_pcc,Mode_A2_Positive_OLS_Unconstrained_pcc_changed,Mode_B_Pathway_Specific_Lambda_k,Mode_B_Pathway_Specific_Lambda_pcc,Mode_B_Pathway_Specific_Lambda_delta_pcc,Mode_B_Pathway_Specific_Lambda_pcc_changed,Mode_C_Lambda_0.0001_k,Mode_C_Lambda_0.0001_pcc,Mode_C_Lambda_0.0001_delta_pcc,Mode_C_Lambda_0.0001_pcc_changed,Mode_C_Lambda_0.01_k,Mode_C_Lambda_0.01_pcc,Mode_C_Lambda_0.01_delta_pcc,Mode_C_Lambda_0.01_pcc_changed,Mode_C_Lambda_0.1_k,Mode_C_Lambda_0.1_pcc,Mode_C_Lambda_0.1_delta_pcc,Mode_C_Lambda_0.1_pcc_changed,Mode_C_Lambda_1.0_k,Mode_C_Lambda_1.0_pcc,Mode_C_Lambda_1.0_delta_pcc,Mode_C_Lambda_1.0_pcc_changed,Mode_C_Lambda_10.0_k,Mode_C_Lambda_10.0_pcc,Mode_C_Lambda_10.0_delta_pcc,Mode_C_Lambda_10.0_pcc_changed
tls,0.998616298121453,0.6639869497301297,-4.440892098500626e-16,False,0.998616298121453,0.6639869497301297,-4.440892098500626e-16,False,0.9966379588880256,0.6639869497301298,-3.3306690738754696e-16,False,0.9986152912821296,0.6639869497301297,-4.440892098500626e-16,False,0.9985179075729487,0.6639869497301296,-5.551115123125783e-16,False,0.9978100205704191,0.6639869497301296,-5.551115123125783e-16,False,0.9966379588880256,0.6639869497301298,-3.3306690738754696e-16,False,0.9990191690016899,0.6639869497301296,-5.551115123125783e-16,False
tgfb,1.039655056872022,0.4390347267856021,5.551115123125783e-17,False,1.039655056872022,0.4390347267856021,5.551115123125783e-17,False,1.0025543121713425,0.43903472678560207,0.0,False,1.0396487884352468,0.439034726785602,-5.551115123125783e-17,False,1.0390385060089227,0.4390347267856022,1.1102230246251565e-16,False,1.0342860122799207,0.43903472678560207,0.0,False,1.0158319453598503,0.43903472678560207,0.0,False,1.0025543121713425,0.43903472678560207,0.0,False
emt,0.9618404807278496,0.5918671407677207,0.0,False,0.9618404807278496,0.5918671407677207,0.0,False,0.9973804456021951,0.5918671407677208,1.1102230246251565e-16,False,0.9618458209615227,0.5918671407677208,1.1102230246251565e-16,False,0.9623670252128108,0.5918671407677206,-1.1102230246251565e-16,False,0.9665124655726425,0.5918671407677206,-1.1102230246251565e-16,False,0.9839359334141707,0.5918671407677206,-1.1102230246251565e-16,False,0.9973804456021951,0.5918671407677208,1.1102230246251565e-16,False
hypoxia,0.9861132014426517,0.35557006162314214,-5.551115123125783e-17,False,0.9861132014426517,0.35557006162314214,-5.551115123125783e-17,False,0.9921606900438477,0.35557006162314214,-5.551115123125783e-17,False,0.9861141118302205,0.35557006162314214,-5.551115123125783e-17,False,0.9862041388315785,0.3555700616231422,0.0,False,0.9870042771851193,0.3555700616231421,-1.1102230246251565e-16,False,0.9921606900438477,0.35557006162314214,-5.551115123125783e-17,False,0.9984866585320007,0.35557006162314214,-5.551115123125783e-17,False
mhc,0.9512065790610569,0.5032254594953265,0.0,False,0.9512065790610569,0.5032254594953265,0.0,False,0.9853102096034247,0.5032254594953265,0.0,False,0.9512186378034159,0.5032254594953264,-1.1102230246251565e-16,False,0.9523821592967474,0.5032254594953269,4.440892098500626e-16,False,0.9607852963207357,0.5032254594953265,0.0,False,0.9853102096034247,0.5032254594953265,0.0,False,0.9978934522788101,0.5032254594953262,-3.3306690738754696e-16,False
icp,0.8933074691433467,0.3058410761141343,1.1102230246251565e-16,False,0.8933074691433467,0.3058410761141343,1.1102230246251565e-16,False,0.9945780086769422,0.30584107611413425,5.551115123125783e-17,False,0.8933274386909118,0.30584107611413414,-5.551115123125783e-17,False,0.895268046493616,0.30584107611413414,-5.551115123125783e-17,False,0.9101280282872032,0.3058410761141343,1.1102230246251565e-16,False,0.9628208808234388,0.30584107611413414,-5.551115123125783e-17,False,0.9945780086769422,0.30584107611413425,5.551115123125783e-17,False
ifng,0.9145788670875151,0.15060565879049503,1.1102230246251565e-16,False,0.9145788670875151,0.15060565879049503,1.1102230246251565e-16,False,0.9667157415711805,0.15060565879049495,2.7755575615628914e-17,False,0.9145922949663884,0.150605658790495,8.326672684688674e-17,False,0.9159009842404258,0.15060565879049495,2.7755575615628914e-17,False,0.9261775413273569,0.150605658790495,8.326672684688674e-17,False,0.9667157415711805,0.15060565879049495,2.7755575615628914e-17,False,0.9948592635618697,0.15060565879049495,2.7755575615628914e-17,False
toxic,1.0438376440795756,0.38025708342446785,-5.551115123125783e-17,False,1.0438376440795756,0.38025708342446785,-5.551115123125783e-17,False,1.0024980385611424,0.3802570834244678,-1.1102230246251565e-16,False,1.0438303596187521,0.3802570834244679,0.0,False,1.0431210199404262,0.3802570834244678,-1.1102230246251565e-16,False,1.037592548434429,0.38025708342446785,-5.551115123125783e-17,False,1.016492282687978,0.3802570834244679,0.0,False,1.0024980385611424,0.3802570834244678,-1.1102230246251565e-16,False
Glycolysis,0.9960395363916067,0.6073809749322643,-1.1102230246251565e-16,False,0.9960395363916067,0.6073809749322643,-1.1102230246251565e-16,False,0.9996695215326614,0.6073809749322644,0.0,False,0.9960400044211045,0.6073809749322641,-3.3306690738754696e-16,False,0.9960857533500824,0.6073809749322642,-2.220446049250313e-16,False,0.9964548324536099,0.6073809749322646,2.220446049250313e-16,False,0.9981413442027525,0.6073809749322644,0.0,False,0.9996695215326614,0.6073809749322644,0.0,False
Inflammatory_Response,1.0016127800768464,0.44890641590390495,-2.7755575615628914e-16,False,1.0016127800768464,0.44890641590390495,-2.7755575615628914e-16,False,1.0002587246447079,0.448906415903905,-2.220446049250313e-16,False,1.0016127916275626,0.44890641590390506,-1.6653345369377348e-16,False,1.0016137049057028,0.44890641590390495,-2.7755575615628914e-16,False,1.0016051197907974,0.4489064159039051,-1.1102230246251565e-16,False,1.0011813280160426,0.4489064159039051,-1.1102230246251565e-16,False,1.0002587246447079,0.448906415903905,-2.220446049250313e-16,False
IL6_JAK_STAT3,0.9835388587983783,0.5584903307397228,1.1102230246251565e-16,False,0.9835388587983783,0.5584903307397228,1.1102230246251565e-16,False,0.9993012003903323,0.5584903307397227,0.0,False,0.9835420170579549,0.5584903307397224,-2.220446049250313e-16,False,0.9838491945113851,0.5584903307397224,-2.220446049250313e-16,False,0.9862167417122356,0.5584903307397224,-2.220446049250313e-16,False,0.9946427553727119,0.5584903307397225,-1.1102230246251565e-16,False,0.9993012003903323,0.5584903307397227,0.0,False
P53_Pathway,1.020399565288137,0.5617481612020474,1.1102230246251565e-16,False,1.020399565288137,0.5617481612020474,1.1102230246251565e-16,False,1.0009972728383174,0.5617481612020478,5.551115123125783e-16,False,1.0203958480650552,0.5617481612020476,3.3306690738754696e-16,False,1.0200342189530387,0.5617481612020473,0.0,False,1.0172400647690523,0.5617481612020475,2.220446049250313e-16,False,1.0070743201357852,0.5617481612020476,3.3306690738754696e-16,False,1.0009972728383174,0.5617481612020478,5.551115123125783e-16,False
DNA_Damage_Response,1.0059190960746178,0.5041214406174793,1.1102230246251565e-16,False,1.0059190960746178,0.5041214406174793,1.1102230246251565e-16,False,1.0008439632526693,0.5041214406174793,1.1102230246251565e-16,False,1.0059189475332224,0.5041214406174791,-1.1102230246251565e-16,False,1.0059038504480142,0.5041214406174793,1.1102230246251565e-16,False,1.0057393622528819,0.5041214406174793,1.1102230246251565e-16,False,1.0039524717963904,0.5041214406174793,1.1102230246251565e-16,False,1.0008439632526693,0.5041214406174793,1.1102230246251565e-16,False
Complement,0.9834265447212476,0.3612857679131625,1.6653345369377348e-16,False,0.9834265447212476,0.3612857679131625,1.6653345369377348e-16,False,0.9982113548133289,0.3612857679131624,5.551115123125783e-17,False,0.9834278456675085,0.36128576791316264,2.7755575615628914e-16,False,0.983555741746027,0.36128576791316247,1.1102230246251565e-16,False,0.9846411024151824,0.3612857679131625,1.6653345369377348e-16,False,0.9908514726017424,0.3612857679131626,2.220446049250313e-16,False,0.9982113548133289,0.3612857679131624,5.551115123125783e-17,False
Coagulation,1.0007390150582804,0.4286053226972294,1.1102230246251565e-16,False,1.0007390150582804,0.4286053226972294,1.1102230246251565e-16,False,1.0003115931334277,0.4286053226972295,2.220446049250313e-16,False,1.0007393645429368,0.42860532269722934,5.551115123125783e-17,False,1.000773015113319,0.42860532269722934,5.551115123125783e-17,False,1.0010071613331448,0.4286053226972294,1.1102230246251565e-16,False,1.0012240003247157,0.4286053226972293,0.0,False,1.0003115931334277,0.4286053226972295,2.220446049250313e-16,False
Oxidative_Phosphorylation,0.9790190348073305,0.7854307111791452,-3.3306690738754696e-16,False,0.9790190348073305,0.7854307111791452,-3.3306690738754696e-16,False,0.9986208903848367,0.7854307111791453,-2.220446049250313e-16,False,0.9790220551293459,0.7854307111791453,-2.220446049250313e-16,False,0.9793167878235367,0.7854307111791454,-1.1102230246251565e-16,False,0.981657014252818,0.7854307111791458,2.220446049250313e-16,False,0.9913668364870313,0.7854307111791453,-2.220446049250313e-16,False,0.9986208903848367,0.7854307111791453,-2.220446049250313e-16,False
Reactive_Oxygen_Species,0.9573405903549125,0.28059079569286827,1.1102230246251565e-16,False,0.9573405903549125,0.28059079569286827,1.1102230246251565e-16,False,0.9980503885129398,0.28059079569286816,0.0,False,0.9573494440843472,0.2805907956928682,5.551115123125783e-17,False,0.9582081888846143,0.28059079569286816,0.0,False,0.964677254438609,0.280590795692868,-1.6653345369377348e-16,False,0.9861604434073977,0.28059079569286827,1.1102230246251565e-16,False,0.9980503885129398,0.28059079569286816,0.0,False
Wound_Healing,1.0194458808105578,0.6335773292191307,0.0,False,1.0194458808105578,0.6335773292191307,0.0,False,1.0015579333512166,0.6335773292191306,-1.1102230246251565e-16,False,1.0194436120053614,0.6335773292191306,-1.1102230246251565e-16,False,1.0192216297362158,0.6335773292191306,-1.1102230246251565e-16,False,1.017416858519816,0.6335773292191305,-2.220446049250313e-16,False,1.0090172033694265,0.6335773292191306,-1.1102230246251565e-16,False,1.0015579333512166,0.6335773292191306,-1.1102230246251565e-16,False
Fibrosis,1.023385834986248,0.7206142753278978,1.1102230246251565e-16,False,1.023385834986248,0.7206142753278978,1.1102230246251565e-16,False,1.0019052738186762,0.7206142753278977,0.0,False,1.023383126992055,0.7206142753278976,-1.1102230246251565e-16,False,1.0231181794554516,0.7206142753278979,2.220446049250313e-16,False,1.020964316240573,0.7206142753278976,-1.1102230246251565e-16,False,1.0109212113745962,0.7206142753278975,-2.220446049250313e-16,False,1.0019052738186762,0.7206142753278977,0.0,False
MYC_Targets,1.017465123552587,0.7729682828699458,1.1102230246251565e-16,False,1.017465123552587,0.7729682828699458,1.1102230246251565e-16,False,1.0011560664935977,0.7729682828699458,1.1102230246251565e-16,False,1.0174626471549448,0.772968282869946,3.3306690738754696e-16,False,1.017220923578174,0.7729682828699458,1.1102230246251565e-16,False,1.015296849667547,0.7729682828699456,-1.1102230246251565e-16,False,1.0072339753730581,0.7729682828699458,1.1102230246251565e-16,False,1.0011560664935977,0.7729682828699458,1.1102230246251565e-16,False
E2F_Targets,1.0252967988172412,0.633888230282198,2.220446049250313e-16,False,1.0252967988172412,0.633888230282198,2.220446049250313e-16,False,1.0019965963468447,0.633888230282198,2.220446049250313e-16,False,1.0252937878196802,0.6338882302821981,3.3306690738754696e-16,False,1.0249992657551927,0.6338882302821981,3.3306690738754696e-16,False,1.0226103433375597,0.6338882302821978,0.0,False,1.0116159472516553,0.633888230282198,2.220446049250313e-16,False,1.0019965963468447,0.633888230282198,2.220446049250313e-16,False
G2M_Checkpoint,1.0126758944477023,0.6742574845520561,-1.1102230246251565e-16,False,1.0126758944477023,0.6742574845520561,-1.1102230246251565e-16,False,1.0009966892272069,0.674257484552056,-2.220446049250313e-16,False,1.0126743816046513,0.6742574845520561,-1.1102230246251565e-16,False,1.0125264054724625,0.6742574845520561,-1.1102230246251565e-16,False,1.0113263880848846,0.6742574845520563,0.0,False,1.0058100995395653,0.6742574845520561,-1.1102230246251565e-16,False,1.0009966892272069,0.674257484552056,-2.220446049250313e-16,False
Mitotic_Spindle,1.030854585730558,0.6354781658498119,-2.220446049250313e-16,False,1.030854585730558,0.6354781658498119,-2.220446049250313e-16,False,1.0024676466185602,0.635478165849812,-1.1102230246251565e-16,False,1.0308509533026984,0.635478165849812,-1.1102230246251565e-16,False,1.0304956215269696,0.635478165849812,-1.1102230246251565e-16,False,1.0276114870984832,0.6354781658498121,0.0,False,1.0142706433362583,0.635478165849812,-1.1102230246251565e-16,False,1.0024676466185602,0.635478165849812,-1.1102230246251565e-16,False
Unfolded_Protein_Response,1.0130690806417895,0.6025634370370726,0.0,False,1.0130690806417895,0.6025634370370726,0.0,False,1.0002743927166269,0.6025634370370726,0.0,False,1.013066171323259,0.6025634370370726,0.0,False,1.012783409067336,0.6025634370370725,-1.1102230246251565e-16,False,1.0106195194602021,0.6025634370370726,0.0,False,1.0033597885836796,0.6025634370370726,0.0,False,1.0002743927166269,0.6025634370370726,0.0,False
mTOR_Signaling,1.0001150175451161,0.6623655704256954,0.0,False,1.0001150175451161,0.6623655704256954,0.0,False,0.9999602105095036,0.6623655704256954,0.0,False,1.0001149259897997,0.6623655704256954,0.0,False,1.000106059637538,0.6623655704256954,0.0,False,1.0000406495432148,0.6623655704256955,1.1102230246251565e-16,False,0.9998885307502489,0.6623655704256954,0.0,False,0.9999602105095036,0.6623655704256954,0.0,False
Interferon_Alpha,0.9857283705739496,0.21723214005805577,0.0,False,0.9857283705739496,0.21723214005805577,0.0,False,0.9989432635868102,0.21723214005805594,1.6653345369377348e-16,False,0.9857301863773488,0.21723214005805577,0.0,False,0.9859076569786024,0.21723214005805586,8.326672684688674e-17,False,0.9873367870593635,0.21723214005805583,5.551115123125783e-17,False,0.9936852433122615,0.2172321400580558,2.7755575615628914e-17,False,0.9989432635868102,0.21723214005805594,1.6653345369377348e-16,False
Angiogenesis,0.9978927782360708,0.6370193712361414,-2.220446049250313e-16,False,0.9978927782360708,0.6370193712361414,-2.220446049250313e-16,False,0.9997875345709922,0.6370193712361415,-1.1102230246251565e-16,False,0.9978929612017925,0.6370193712361412,-4.440892098500626e-16,False,0.9979109254074283,0.6370193712361409,-6.661338147750939e-16,False,0.9980616500868745,0.6370193712361414,-2.220446049250313e-16,False,0.9988806434670786,0.6370193712361413,-3.3306690738754696e-16,False,0.9997875345709922,0.6370193712361415,-1.1102230246251565e-16,False
Apoptosis,0.9572999899905743,0.4252418134504551,0.0,False,0.9572999899905743,0.4252418134504551,0.0,False,0.9838466844154495,0.4252418134504552,1.1102230246251565e-16,False,0.9573067745041289,0.42524181345045514,5.551115123125783e-17,False,0.9579683152612298,0.4252418134504551,0.0,False,0.9631828235072688,0.4252418134504552,1.1102230246251565e-16,False,0.9838466844154495,0.4252418134504552,1.1102230246251565e-16,False,0.9976313824797578,0.4252418134504552,1.1102230246251565e-16,False
TNF_Signaling,0.9664392619325881,0.30415236445966204,0.0,False,0.9664392619325881,0.30415236445966204,0.0,False,0.9979891405589811,0.30415236445966204,0.0,False,0.966444534334492,0.30415236445966204,0.0,False,0.9669584202449043,0.3041523644596621,5.551115123125783e-17,False,0.9709959176999408,0.3041523644596621,5.551115123125783e-17,False,0.9869415861436887,0.30415236445966204,0.0,False,0.9979891405589811,0.30415236445966204,0.0,False
ECM_Organization,1.0212350868144853,0.7352796536234459,0.0,False,1.0212350868144853,0.7352796536234459,0.0,False,1.0017135420005572,0.7352796536234459,0.0,False,1.0212326091944703,0.7352796536234459,0.0,False,1.0209902150480616,0.7352796536234458,-1.1102230246251565e-16,False,1.0190207572178407,0.7352796536234458,-1.1102230246251565e-16,False,1.0098686063774942,0.7352796536234459,0.0,False,1.0017135420005572,0.7352796536234459,0.0,False
