claim_id,claim_zh,claim_en,data_source,governance_status,evidence_scope,allowed_expression_zh,allowed_expression_en,forbidden_overreach,target_figure_table,citation_or_path
EV-001,"W007 已完成 FBR、RCC、HCR、CPGCR 四臂并正式接纳","W007 completed and formally accepted the FBR, RCC, HCR, and CPGCR arms","Experiment Registry + W007 imported predictions","accepted","single-seed Phase 2 evidence","四臂已在绑定源码与统一协议下运行并接纳","The four arms were run and accepted under source-bound, matched protocols","不得写成 CPGCR 性能最佳或显著优于其余臂","Table 1; Figure 2","experiments/experiment_registry.json"
EV-002,"W007 四臂差异小且指标方向混合","W007 arm differences were small and metric-dependent","Experiment Registry four_arm_results","accepted","single seed; internal 6 patients; external case E1 1 patient","透明报告各指标赢家不同，不以单一指标决定优胜","Report that metric winners differed and no arm dominated overall","不得把 spots 当独立患者；不得声称稳定增益","Table 1; Figure 3","experiments/experiment_registry.json"
EV-003,"作者将 CPGCR 定位为待验证方法候选，而非性能赢家","The authors position CPGCR as a candidate for validation rather than a performance winner","W007 source-bound code + accepted four-arm results + narrative review","accepted method facts; pending_user_review narrative positioning","method fact; future shape compatibility only","可写连续通路几何和匹配消融是候选动机；30 维输出仅具未来接口形状兼容性","State continuous pathway geometry and matched ablations as the motivation; the 30-dimensional output is only shape-compatible with a future interface","不得写 first-ever、best-performing、已选择为下游模型或已与 Phase 3 数据绑定","Discussion; Figure 2","01_指南与解读/部署方案/W007_Phase2核心创新方法_论文强化与必要补充实验部署方案_20260826.md"
EV-004,"W007 的 CPGCR 使用连续 30 维通路几何软目标、冻结 B0 和零起点残差","W007 CPGCR uses a continuous 30-dimensional pathway-geometry soft target, a frozen B0 anchor, and a zero-start residual","source commits 7be042a/24a87c/0f81be3 + critical contract","accepted result with historical source-bound implementation","method fact","按绑定 commit 描述实现，并说明当前 main 不含完整可执行 W007 训练树","Describe the implementation at the bound commits and disclose that current main lacks the full runnable W007 training tree","不得写当前 main 可直接重训 W007","Methods; Figure 2","git show 0f81be3:experiments/workspaces/W007/mpp2_cpgcr_probe/"
EV-005,"W004 四包组成一个正式接纳的四臂结果组","The four W004 bundles form one formally accepted four-arm result group","W004 result_group + group acceptance event","accepted","COMPATIBILITY_ONLY","可写四臂组已通过治理核验并被受限接纳","The four-arm group passed governance verification and was accepted with a restricted scope","不得移除 COMPATIBILITY_ONLY 限定","Table 2; Figure 4","project_state/governance/w004_stage2_reconciliation_receipt_v002_20260827.json"
EV-006,"A002-A001 的 pCR 平均 per-fit AUC 差值为 +0.023182","The A002-A001 mean per-fit pCR AUC difference was +0.023182","W004 four-arm metrics + accepted group contrast","accepted","COMPATIBILITY_ONLY; repeated slide-level holdout","支持进一步患者独立验证的数值信号","A numerical signal supporting further patient-independent validation","不得称患者独立泛化、显著改善或临床效用","Table 2; Figure 4","experiments/experiment_registry.json"
EV-007,"A002-A001 的 MPR 平均 per-fit AUC 差值为 +0.003958","The A002-A001 mean per-fit MPR AUC difference was +0.003958","W004 four-arm metrics + accepted group contrast","accepted","COMPATIBILITY_ONLY; secondary endpoint","证据较弱、仅作描述性结果","Weak evidence reported descriptively","不得与 pCR 合并或称稳定增益","Table 2","experiments/experiment_registry.json"
EV-008,"A003-A004 的 pCR/MPR AUC 差值为 +0.002955/-0.000625","The A003-A004 pCR/MPR AUC differences were +0.002955/-0.000625","W004 spatial identity vs coordinate-shuffle contrast","accepted","COMPATIBILITY_ONLY","不支持稳定空间增益","The comparison did not support a stable spatial gain","不得把 pCR 的微小正差值单独包装为空间机制成功","Table 2; Figure 4","experiments/experiment_registry.json"
EV-009,"W004 输入是 legacy z-score compatibility，不是 raw MPP2","W004 used legacy z-score compatibility input rather than raw MPP2 output","W004 bundles and critical contract","accepted","COMPATIBILITY_ONLY","明确写 legacy compatibility pathway input","State explicitly that legacy compatibility pathway input was used","raw_mpp2_claim 必须为 false","Methods; Limitations","project_state/governance/phase3_stage2_v002_critical_contract_20260807.json"
EV-010,"W004 划分存在患者重叠，不能称患者独立 OOF","W004 splits contain patient overlap and are not patient-independent OOF","W004 repeated_holdout_audit + prediction tables","accepted limitation","slide-level repeated holdout","写为重复切片级留出，case 聚合仅为 post hoc 描述","Describe repeated slide-level holdout; case aggregation is post hoc only","不得把 20 个 seed-fold 当 20 个独立样本或患者级 OOF","Methods; Figure 4 caption","automation/returns/W004/*/artifacts/metrics.json"
EV-011,"W007 输出没有被证明输入 W004","No evidence shows that W007 outputs were consumed by W004","static code/config mapping","verified absence of binding","cross-phase boundary","两阶段只能作为概念和证据桥接，图中用虚线表示未来整合","Treat the phases as a conceptual/evidence bridge and use a dashed future-integration link","不得画成已验证的 CPGCR→Phase 3 端到端流水线","Figure 1","method_code_mapping.md"
EV-012,"Phase 2 复算的 PCC、CCC、z-RMSE、raw R² 和 Spearman 是探索性派生结果","Recomputed Phase 2 PCC, CCC, z-RMSE, raw R², and Spearman are exploratory derived results","existing accepted W007 prediction tables + new local script","pending_user_review","exploratory_reanalysis","可以在待审表和补充材料中报告并标注派生状态","May be reported in review tables and supplements with derived-status labels","用户审核前不得升级为 Registry 正式结果","Figure 3; Supplementary tables","experiments/explorations/phase2_phase3_reanalysis_v002/"
EV-013A,"W004 Registry 臂级 AUPRC/Brier 随四臂结果组受限接纳","Arm-level W004 AUPRC/Brier summaries were accepted with the four-arm group","Experiment Registry W004 result_group member metrics","accepted","COMPATIBILITY_ONLY","仅在受限四臂结果组内报告臂级摘要","Report arm-level summaries only within the restricted four-arm group","不得称患者独立性能、临床校准或临床效用","Figure 4; Supplementary tables","experiments/experiment_registry.json"
EV-013B,"W004 新 pooled、case-aggregated 与校准复算是描述性再分析","New W004 pooled, case-aggregated, and calibration outputs are descriptive reanalyses","W004 prediction CSVs + new local script","pending_user_review","exploratory_reanalysis / post hoc where case-aggregated","并列报告 per-fit 与 pooled repeated-row 口径并标明患者非独立","Report per-fit and pooled repeated-row estimands separately and disclose patient non-independence","不得把 pooled rows 称患者级推断或临床校准验证","Figure 4; Supplementary tables","experiments/explorations/phase2_phase3_reanalysis_v002/"
EV-014,"PCC 单独不足以描述连续通路预测的一致性","PCC alone is insufficient to characterize agreement in continuous pathway prediction","Lin 1989; Archer 2021; HE-to-SGE benchmark","external_context","methodological evidence","PCC 与 CCC、误差、R² 和校准并列","Report PCC alongside CCC, errors, R², and calibration","不得把高 PCC 等同绝对校准或临床效用","Methods; Discussion","https://pubmed.ncbi.nlm.nih.gov/2720055/"
EV-015,"AUROC 与 AUPRC 回答不同问题，应共同报告","AUROC and AUPRC answer different questions and should be reported together","Saito 2015; Richardson 2024; BMJ evaluation guides","external_context","binary prediction evaluation","共同报告且说明 AUPRC 依赖阳性率","Report both and disclose the prevalence dependence of AUPRC","不得宣称类别不平衡使 AUROC 数学失效","Methods; Table 2","https://pubmed.ncbi.nlm.nih.gov/25738806/"
EV-016,"TRIPOD+AI 与 PROBAST+AI 用于稿件准备参考","TRIPOD+AI and PROBAST+AI informed manuscript preparation","BMJ official guidance","external_context","reporting/risk-of-bias guidance; formal item-level assessment incomplete","可说明两者分别提示报告完整性和偏倚/适用性问题","State that the frameworks informed reporting and risk-of-bias preparation","不得声称已正式遵循、完成评估、低偏倚或临床有效","Review checklist","https://www.bmj.com/content/385/bmj-2023-078378"
EV-017,"云端 2026-08-26 材料提出指标与实验设计建议","The 2026-08-26 cloud materials propose metrics and experimental-design recommendations","Google Drive AI空转云端方案管理","design_recommendation","not project result; internal audit only","作为选取 PCC/CCC/R²、AUPRC/Brier/校准和患者级验证的设计输入","Use as design input for metric selection and patient-level validation","不得引用其中项目数值为新的实验结果；公开投稿包不含私有 Drive 链接","Methods planning; Future work","internal audit: see cloud_materials_ledger.md"
EV-018,"拟议端到端设计中的同源 H&E 双分支不等于真实图像-组学多模态","Two same-source H&E-derived branches in the proposed end-to-end design would not constitute true image–omics multimodality","local review + SurvPath/PathGen/MCAT comparison; W004 legacy source chain not fully verified","external_context + proposed design boundary","future same-source dual representation; current W004 provenance unresolved","仅对未来已核验的 H&E 衍生形态—通路双表征使用同源表述","Use same-source morphology–pathway terminology only for a future provenance-verified H&E-derived pipeline","不得把当前 W004 legacy 输入写成已核实的同源 H&E 分支、独立真实组学或已证实融合协同","Title; Abstract; Discussion","01_指南与解读/分析报告/MPP2指标复算与Phase2至Phase3论文衔接综合审查_20260823.md"
