analysis_id,analysis_class,evidence_status,attempt_id,arm,analysis_card_id,task,seed,fold,split,n,n_positive,n_negative,auc,auprc,brier,calibration_intercept,calibration_slope,calibration_status,calibration_reason
phase2_phase3_reanalysis_v002,exploratory_reanalysis,pending_user_review,A001,ABS,S2-ABS-001,MPR,1,0,test,31,15,16,0.8958333333333333,0.9028265107212474,0.14904222543526088,1.1748437677235966,1.4150830263617957,computed,
phase2_phase3_reanalysis_v002,exploratory_reanalysis,pending_user_review,A001,ABS,S2-ABS-001,MPR,1,0,validation,31,15,16,0.875,0.8797883597883598,0.15090820498166277,0.5917548482746439,1.33205652368654,computed,
phase2_phase3_reanalysis_v002,exploratory_reanalysis,pending_user_review,A001,ABS,S2-ABS-001,MPR,1,1,test,31,15,16,0.9208333333333334,0.919701502201502,0.11939034833418916,-0.2657888215150157,1.2602953607709182,computed,
phase2_phase3_reanalysis_v002,exploratory_reanalysis,pending_user_review,A001,ABS,S2-ABS-001,MPR,1,1,validation,31,15,16,0.8333333333333334,0.8165777299133067,0.16902154134506037,-0.26830921498333715,1.2460750526862965,computed,
phase2_phase3_reanalysis_v002,exploratory_reanalysis,pending_user_review,A001,ABS,S2-ABS-001,MPR,1,2,test,31,15,16,0.6583333333333333,0.6820105846373595,0.23245552882907314,0.03397473207429551,0.674090406980979,computed,
phase2_phase3_reanalysis_v002,exploratory_reanalysis,pending_user_review,A001,ABS,S2-ABS-001,MPR,1,2,validation,31,15,16,0.7291666666666666,0.7482506279410304,0.2175324608713422,-0.4048802777076072,1.0013428784722207,computed,
phase2_phase3_reanalysis_v002,exploratory_reanalysis,pending_user_review,A001,ABS,S2-ABS-001,MPR,1,3,test,31,15,16,0.8291666666666666,0.8163171648849398,0.18066708478526938,0.17852589720023065,0.8963335542915456,computed,
phase2_phase3_reanalysis_v002,exploratory_reanalysis,pending_user_review,A001,ABS,S2-ABS-001,MPR,1,3,validation,31,15,16,0.9125,0.9257671957671956,0.12015466710590178,-0.6167920904279632,1.5567025947217525,computed,
phase2_phase3_reanalysis_v002,exploratory_reanalysis,pending_user_review,A001,ABS,S2-ABS-001,MPR,1,4,test,31,15,16,0.875,0.8983583083583083,0.16453810996176443,-0.41327346130894854,2.4436068549323773,computed,
phase2_phase3_reanalysis_v002,exploratory_reanalysis,pending_user_review,A001,ABS,S2-ABS-001,MPR,1,4,validation,31,15,16,0.7249999999999999,0.7658675477446091,0.2014087102301483,0.12504421301585236,1.1252416132413103,computed,
phase2_phase3_reanalysis_v002,exploratory_reanalysis,pending_user_review,A001,ABS,S2-ABS-001,MPR,2,0,test,31,15,16,0.9833333333333334,0.9838235294117645,0.06942196693479732,-1.6240755099667579,5.127313391714393,computed,
phase2_phase3_reanalysis_v002,exploratory_reanalysis,pending_user_review,A001,ABS,S2-ABS-001,MPR,2,0,validation,31,15,16,0.9583333333333334,0.9733333333333332,0.06548024883721287,-0.5166976253784454,1.828239859254782,computed,
phase2_phase3_reanalysis_v002,exploratory_reanalysis,pending_user_review,A001,ABS,S2-ABS-001,MPR,2,1,test,31,15,16,0.7833333333333334,0.8514567901234567,0.17350681524272402,0.18883315613715732,0.6595958846948978,computed,
phase2_phase3_reanalysis_v002,exploratory_reanalysis,pending_user_review,A001,ABS,S2-ABS-001,MPR,2,1,validation,31,15,16,0.7166666666666666,0.8149954548397262,0.20346556894678738,0.31581507414812454,0.5371036017441093,computed,
phase2_phase3_reanalysis_v002,exploratory_reanalysis,pending_user_review,A001,ABS,S2-ABS-001,MPR,2,2,test,31,15,16,0.9208333333333334,0.9357511769276474,0.15790504328003485,-0.9178768366991876,3.6651971204117832,computed,
phase2_phase3_reanalysis_v002,exploratory_reanalysis,pending_user_review,A001,ABS,S2-ABS-001,MPR,2,2,validation,31,15,16,0.6416666666666666,0.6881936050643144,0.23131115813120487,-0.11316255942590168,0.936792413558401,computed,
phase2_phase3_reanalysis_v002,exploratory_reanalysis,pending_user_review,A001,ABS,S2-ABS-001,MPR,2,3,test,31,15,16,0.8958333333333333,0.897566846638054,0.13779785549607715,-0.08027854189423636,1.9908555452888541,computed,
phase2_phase3_reanalysis_v002,exploratory_reanalysis,pending_user_review,A001,ABS,S2-ABS-001,MPR,2,3,validation,31,15,16,0.7875000000000001,0.8389328449328448,0.1916581226437449,-0.19651979191239355,0.782289534588971,computed,
phase2_phase3_reanalysis_v002,exploratory_reanalysis,pending_user_review,A001,ABS,S2-ABS-001,MPR,2,4,test,31,15,16,0.9666666666666667,0.9689987789987788,0.08411462096631696,0.6283163568668235,2.7519190113365806,computed,
phase2_phase3_reanalysis_v002,exploratory_reanalysis,pending_user_review,A001,ABS,S2-ABS-001,MPR,2,4,validation,31,15,16,0.8583333333333333,0.8746731046731047,0.15547649442536177,0.3502941415447167,1.1462815861539288,computed,
phase2_phase3_reanalysis_v002,exploratory_reanalysis,pending_user_review,A001,ABS,S2-ABS-001,MPR,42,0,test,31,15,16,0.8541666666666665,0.8991493886230728,0.14126497213520348,0.3720507736523294,1.1463729101638502,computed,
phase2_phase3_reanalysis_v002,exploratory_reanalysis,pending_user_review,A001,ABS,S2-ABS-001,MPR,42,0,validation,31,15,16,0.8374999999999999,0.8786202686202684,0.16049769879976147,0.025442118877913998,1.0384014839658762,computed,
phase2_phase3_reanalysis_v002,exploratory_reanalysis,pending_user_review,A001,ABS,S2-ABS-001,MPR,42,1,test,31,15,16,0.9125,0.9341269841269841,0.11719742043618847,-0.24479295800609918,1.9758353954648515,computed,
phase2_phase3_reanalysis_v002,exploratory_reanalysis,pending_user_review,A001,ABS,S2-ABS-001,MPR,42,1,validation,31,15,16,0.8541666666666666,0.8875538109980834,0.13755794673582022,-0.045434018493107735,1.124349853509042,computed,
phase2_phase3_reanalysis_v002,exploratory_reanalysis,pending_user_review,A001,ABS,S2-ABS-001,MPR,42,2,test,31,15,16,0.9000000000000001,0.9215552965552964,0.1366484087675102,-0.35579974854228835,1.5171497005720727,computed,
phase2_phase3_reanalysis_v002,exploratory_reanalysis,pending_user_review,A001,ABS,S2-ABS-001,MPR,42,2,validation,31,15,16,0.9541666666666666,0.9565720012701437,0.11500838663233875,1.432840801632736,2.481015987636808,computed,
phase2_phase3_reanalysis_v002,exploratory_reanalysis,pending_user_review,A001,ABS,S2-ABS-001,MPR,42,3,test,31,15,16,0.9708333333333333,0.9683778639660992,0.09062052565145658,0.41412577422770885,2.07447178012765,computed,
phase2_phase3_reanalysis_v002,exploratory_reanalysis,pending_user_review,A001,ABS,S2-ABS-001,MPR,42,3,validation,31,15,16,0.8833333333333333,0.9113716108452949,0.1413069631269391,-0.5490054336463362,1.137141682078536,computed,
phase2_phase3_reanalysis_v002,exploratory_reanalysis,pending_user_review,A001,ABS,S2-ABS-001,MPR,42,4,test,31,15,16,0.6916666666666667,0.6312439857279899,0.21733349543323421,-0.10506945045308129,0.8429632938254613,computed,
phase2_phase3_reanalysis_v002,exploratory_reanalysis,pending_user_review,A001,ABS,S2-ABS-001,MPR,42,4,validation,31,15,16,0.7625,0.7129076479076479,0.20118732107682172,-0.18619994389591524,1.1462584947484455,computed,
phase2_phase3_reanalysis_v002,exploratory_reanalysis,pending_user_review,A001,ABS,S2-ABS-001,MPR,61,0,test,31,15,16,0.8583333333333334,0.8850179014884896,0.15310459715834204,0.2945634981681207,0.9129632932534095,computed,
phase2_phase3_reanalysis_v002,exploratory_reanalysis,pending_user_review,A001,ABS,S2-ABS-001,MPR,61,0,validation,31,15,16,0.8583333333333334,0.856656028521017,0.156912942928279,-0.13461974311770972,0.8951932827744268,computed,
phase2_phase3_reanalysis_v002,exploratory_reanalysis,pending_user_review,A001,ABS,S2-ABS-001,MPR,61,1,test,31,15,16,0.8083333333333333,0.8492503983883294,0.17495817354065143,0.1543978467025504,0.7650903373334419,computed,
phase2_phase3_reanalysis_v002,exploratory_reanalysis,pending_user_review,A001,ABS,S2-ABS-001,MPR,61,1,validation,31,15,16,0.8458333333333333,0.8555853405853404,0.15981033119058477,0.16446076257139383,1.077871602154335,computed,
phase2_phase3_reanalysis_v002,exploratory_reanalysis,pending_user_review,A001,ABS,S2-ABS-001,MPR,61,2,test,31,15,16,0.8708333333333333,0.8896425796425795,0.15095094081115296,-0.527376913446119,1.2822022324043856,computed,
phase2_phase3_reanalysis_v002,exploratory_reanalysis,pending_user_review,A001,ABS,S2-ABS-001,MPR,61,2,validation,31,15,16,0.8833333333333333,0.8907625272331154,0.14207183002615587,0.27012377857205466,1.4011248944777703,computed,
phase2_phase3_reanalysis_v002,exploratory_reanalysis,pending_user_review,A001,ABS,S2-ABS-001,MPR,61,3,test,31,15,16,0.8958333333333333,0.9120923520923521,0.1332957895722352,0.007557713585999761,1.7800073601915578,computed,
phase2_phase3_reanalysis_v002,exploratory_reanalysis,pending_user_review,A001,ABS,S2-ABS-001,MPR,61,3,validation,31,15,16,0.9458333333333333,0.9506919006919006,0.09946041155677893,0.536827253710655,1.8501597767052589,computed,
phase2_phase3_reanalysis_v002,exploratory_reanalysis,pending_user_review,A001,ABS,S2-ABS-001,MPR,61,4,test,31,15,16,0.9416666666666667,0.9561111111111109,0.12812830110897835,-1.3940673064975917,2.1755236249635588,computed,
phase2_phase3_reanalysis_v002,exploratory_reanalysis,pending_user_review,A001,ABS,S2-ABS-001,MPR,61,4,validation,31,15,16,0.925,0.9150407724320766,0.1345588562773581,-1.240161551040661,2.8208197918963425,computed,
phase2_phase3_reanalysis_v002,exploratory_reanalysis,pending_user_review,A001,ABS,S2-ABS-001,pCR,1,0,test,31,11,20,0.7727272727272727,0.6827061973114605,0.180442192741292,0.09173882868256047,1.077229771084261,computed,
phase2_phase3_reanalysis_v002,exploratory_reanalysis,pending_user_review,A001,ABS,S2-ABS-001,pCR,1,0,validation,31,11,20,0.8727272727272727,0.8503302253302254,0.13541333195442615,0.3263720784946213,1.5415007658229631,computed,
phase2_phase3_reanalysis_v002,exploratory_reanalysis,pending_user_review,A001,ABS,S2-ABS-001,pCR,1,1,test,31,11,20,0.75,0.7569978252534034,0.1692440309534605,0.05383006506873355,1.0443582339955382,computed,
phase2_phase3_reanalysis_v002,exploratory_reanalysis,pending_user_review,A001,ABS,S2-ABS-001,pCR,1,1,validation,31,11,20,0.8818181818181818,0.8715534465534467,0.1259449522249862,0.5203327256725997,1.8249187439500834,computed,
phase2_phase3_reanalysis_v002,exploratory_reanalysis,pending_user_review,A001,ABS,S2-ABS-001,pCR,1,2,test,31,11,20,0.9227272727272727,0.9301970756516211,0.0922999527429394,0.11769751001253169,1.7704232320013127,computed,
phase2_phase3_reanalysis_v002,exploratory_reanalysis,pending_user_review,A001,ABS,S2-ABS-001,pCR,1,2,validation,31,11,20,0.8363636363636363,0.7359797065679419,0.14923116066468003,-0.19995801977433383,1.6067696730850967,computed,
phase2_phase3_reanalysis_v002,exploratory_reanalysis,pending_user_review,A001,ABS,S2-ABS-001,pCR,1,3,test,31,11,20,0.9909090909090909,0.9841597796143251,0.09049289265003427,5.8989023359905755,16.396982116365567,computed,
phase2_phase3_reanalysis_v002,exploratory_reanalysis,pending_user_review,A001,ABS,S2-ABS-001,pCR,1,3,validation,31,11,20,0.9045454545454547,0.8907148407148409,0.12666005034234804,0.029355191413794376,1.8825835273611013,computed,
phase2_phase3_reanalysis_v002,exploratory_reanalysis,pending_user_review,A001,ABS,S2-ABS-001,pCR,1,4,test,31,11,20,0.8227272727272728,0.7871194462103552,0.1483499541400556,0.01024806440411601,1.0847075596387874,computed,
phase2_phase3_reanalysis_v002,exploratory_reanalysis,pending_user_review,A001,ABS,S2-ABS-001,pCR,1,4,validation,31,11,20,0.8409090909090908,0.8596283346283347,0.1358665504507372,-0.03995006614754457,1.4069716618565598,computed,
phase2_phase3_reanalysis_v002,exploratory_reanalysis,pending_user_review,A001,ABS,S2-ABS-001,pCR,2,0,test,31,11,20,0.8136363636363636,0.8340115440115441,0.13337682474924778,0.13158145823431736,1.3891381638107445,computed,
phase2_phase3_reanalysis_v002,exploratory_reanalysis,pending_user_review,A001,ABS,S2-ABS-001,pCR,2,0,validation,31,11,20,0.9136363636363637,0.9215784215784217,0.11117973630292032,0.14106546300468056,2.213659589186617,computed,
phase2_phase3_reanalysis_v002,exploratory_reanalysis,pending_user_review,A001,ABS,S2-ABS-001,pCR,2,1,test,31,11,20,0.8318181818181819,0.8094257594257595,0.16253835544650358,0.46765307319730914,2.6253278225310708,computed,
phase2_phase3_reanalysis_v002,exploratory_reanalysis,pending_user_review,A001,ABS,S2-ABS-001,pCR,2,1,validation,31,11,20,0.9409090909090909,0.9221435130526041,0.12465913306709347,0.9944723625209443,4.780343682621054,computed,
phase2_phase3_reanalysis_v002,exploratory_reanalysis,pending_user_review,A001,ABS,S2-ABS-001,pCR,2,2,test,31,11,20,0.7318181818181817,0.7049297321036452,0.18649287310386461,-0.005238820922776618,0.9354690681521071,computed,
phase2_phase3_reanalysis_v002,exploratory_reanalysis,pending_user_review,A001,ABS,S2-ABS-001,pCR,2,2,validation,31,11,20,0.7181818181818181,0.6905829464652995,0.18690239598668223,0.0724197035093521,0.957517358934165,computed,
phase2_phase3_reanalysis_v002,exploratory_reanalysis,pending_user_review,A001,ABS,S2-ABS-001,pCR,2,3,test,31,11,20,0.9318181818181819,0.9058441558441559,0.13300389905745075,-0.5912871807273848,2.9406669225217374,computed,
phase2_phase3_reanalysis_v002,exploratory_reanalysis,pending_user_review,A001,ABS,S2-ABS-001,pCR,2,3,validation,31,11,20,0.8590909090909091,0.8695391126221166,0.15496218633291628,0.5597502055093374,2.623076447317429,computed,
phase2_phase3_reanalysis_v002,exploratory_reanalysis,pending_user_review,A001,ABS,S2-ABS-001,pCR,2,4,test,31,11,20,0.7590909090909091,0.6513516786244059,0.1823055766610027,0.07470021009735928,1.2144201443478648,computed,
phase2_phase3_reanalysis_v002,exploratory_reanalysis,pending_user_review,A001,ABS,S2-ABS-001,pCR,2,4,validation,31,11,20,0.75,0.7166508392792978,0.18271996247396002,-0.03699022123527172,0.9180571442161579,computed,
phase2_phase3_reanalysis_v002,exploratory_reanalysis,pending_user_review,A001,ABS,S2-ABS-001,pCR,42,0,test,31,11,20,0.85,0.7628785652849825,0.17027967816719172,-0.01587813038314456,2.5645520294480164,computed,
phase2_phase3_reanalysis_v002,exploratory_reanalysis,pending_user_review,A001,ABS,S2-ABS-001,pCR,42,0,validation,31,11,20,0.8681818181818183,0.8291528062580695,0.16265061685164214,1.1666541266955894,3.303906841194212,computed,
phase2_phase3_reanalysis_v002,exploratory_reanalysis,pending_user_review,A001,ABS,S2-ABS-001,pCR,42,1,test,31,11,20,0.9500000000000001,0.901911976911977,0.11791447019512444,1.13548279316019,2.6764975297224805,computed,
phase2_phase3_reanalysis_v002,exploratory_reanalysis,pending_user_review,A001,ABS,S2-ABS-001,pCR,42,1,validation,31,11,20,0.9454545454545455,0.9295815295815297,0.10904906414428835,0.10519756030282831,2.872069629340729,computed,
phase2_phase3_reanalysis_v002,exploratory_reanalysis,pending_user_review,A001,ABS,S2-ABS-001,pCR,42,2,test,31,11,20,0.7909090909090909,0.7975786839423202,0.14471879075329072,0.10774351374584194,1.074445683464808,computed,
phase2_phase3_reanalysis_v002,exploratory_reanalysis,pending_user_review,A001,ABS,S2-ABS-001,pCR,42,2,validation,31,11,20,0.85,0.8335080469769465,0.13813953085695205,-0.02024808901220534,1.2404934101413363,computed,
phase2_phase3_reanalysis_v002,exploratory_reanalysis,pending_user_review,A001,ABS,S2-ABS-001,pCR,42,3,test,31,11,20,0.8863636363636365,0.8836857260386672,0.12232271514766499,0.6170786767446171,1.9086676213298583,computed,
phase2_phase3_reanalysis_v002,exploratory_reanalysis,pending_user_review,A001,ABS,S2-ABS-001,pCR,42,3,validation,31,11,20,0.8636363636363636,0.8641456582633054,0.12681708882681086,0.8000748290323262,1.6228320282650106,computed,
phase2_phase3_reanalysis_v002,exploratory_reanalysis,pending_user_review,A001,ABS,S2-ABS-001,pCR,42,4,test,31,11,20,0.8227272727272728,0.8115980192532157,0.14541859942538213,0.1526452394339656,1.1025490721439308,computed,
phase2_phase3_reanalysis_v002,exploratory_reanalysis,pending_user_review,A001,ABS,S2-ABS-001,pCR,42,4,validation,31,11,20,0.8863636363636364,0.8518037518037518,0.1317926588065278,0.7001470965072294,1.926426838051851,computed,
phase2_phase3_reanalysis_v002,exploratory_reanalysis,pending_user_review,A001,ABS,S2-ABS-001,pCR,61,0,test,31,11,20,0.859090909090909,0.8359985973622337,0.13352564505031328,0.3790143651269268,1.4959472915270822,computed,
phase2_phase3_reanalysis_v002,exploratory_reanalysis,pending_user_review,A001,ABS,S2-ABS-001,pCR,61,0,validation,31,11,20,0.7409090909090909,0.7135024724945673,0.18071164418519767,0.4060195139885417,0.9706803990523889,computed,
phase2_phase3_reanalysis_v002,exploratory_reanalysis,pending_user_review,A001,ABS,S2-ABS-001,pCR,61,1,test,31,11,20,0.9227272727272727,0.9069364978455887,0.10804616429757428,-0.18518181633711658,1.7510049017447165,computed,
phase2_phase3_reanalysis_v002,exploratory_reanalysis,pending_user_review,A001,ABS,S2-ABS-001,pCR,61,1,validation,31,11,20,0.9363636363636364,0.8936674436674437,0.11818674880834189,0.20901064085307694,2.020602136555814,computed,
phase2_phase3_reanalysis_v002,exploratory_reanalysis,pending_user_review,A001,ABS,S2-ABS-001,pCR,61,2,test,31,11,20,0.8818181818181818,0.8511173170264079,0.13454521305437425,0.6171695745748779,2.225117724830108,computed,
phase2_phase3_reanalysis_v002,exploratory_reanalysis,pending_user_review,A001,ABS,S2-ABS-001,pCR,61,2,validation,31,11,20,0.8272727272727272,0.8213967405143876,0.14034623751219663,0.3780615301169077,1.6712066038795201,computed,
phase2_phase3_reanalysis_v002,exploratory_reanalysis,pending_user_review,A001,ABS,S2-ABS-001,pCR,61,3,test,31,11,20,0.8954545454545455,0.8617604617604617,0.1306438678925838,0.8455184844960749,2.1728115912824744,computed,
phase2_phase3_reanalysis_v002,exploratory_reanalysis,pending_user_review,A001,ABS,S2-ABS-001,pCR,61,3,validation,31,11,20,0.8681818181818182,0.8516958630594995,0.13094018987022252,0.21437828238686638,1.494135909991748,computed,
phase2_phase3_reanalysis_v002,exploratory_reanalysis,pending_user_review,A001,ABS,S2-ABS-001,pCR,61,4,test,31,11,20,0.5863636363636364,0.42462394507849055,0.23019739858070282,1.548745263504092,5.529034478314715,computed,
phase2_phase3_reanalysis_v002,exploratory_reanalysis,pending_user_review,A001,ABS,S2-ABS-001,pCR,61,4,validation,31,11,20,0.5136363636363637,0.4460384154395044,0.23137950780736236,-0.9740121240605917,-0.9448792439864333,computed,
phase2_phase3_reanalysis_v002,exploratory_reanalysis,pending_user_review,A002,ORD,S2-ORD-SLIDE-001,MPR,1,0,test,31,15,16,0.9,0.9013730404442479,0.1325152869367766,0.2969519222202139,1.3351485486811299,computed,
phase2_phase3_reanalysis_v002,exploratory_reanalysis,pending_user_review,A002,ORD,S2-ORD-SLIDE-001,MPR,1,0,validation,31,15,16,0.8875000000000001,0.8900821199734242,0.13658595644333435,-0.21229825570271008,1.4734507559253665,computed,
phase2_phase3_reanalysis_v002,exploratory_reanalysis,pending_user_review,A002,ORD,S2-ORD-SLIDE-001,MPR,1,1,test,31,15,16,0.8958333333333334,0.8944667223614591,0.1359817924780506,0.07072476377471858,1.1311843091786795,computed,
phase2_phase3_reanalysis_v002,exploratory_reanalysis,pending_user_review,A002,ORD,S2-ORD-SLIDE-001,MPR,1,1,validation,31,15,16,0.8125,0.8395163549900391,0.17700452655159446,0.08624034299257564,1.281392390927028,computed,
phase2_phase3_reanalysis_v002,exploratory_reanalysis,pending_user_review,A002,ORD,S2-ORD-SLIDE-001,MPR,1,2,test,31,15,16,0.6666666666666666,0.6918518544786294,0.23242386051823039,0.0761599210474635,0.7142271641890683,computed,
phase2_phase3_reanalysis_v002,exploratory_reanalysis,pending_user_review,A002,ORD,S2-ORD-SLIDE-001,MPR,1,2,validation,31,15,16,0.7291666666666667,0.742458369517193,0.21442567495687884,-0.33183836801750816,1.0721880014733889,computed,
phase2_phase3_reanalysis_v002,exploratory_reanalysis,pending_user_review,A002,ORD,S2-ORD-SLIDE-001,MPR,1,3,test,31,15,16,0.8166666666666667,0.7900611262375968,0.2028434780921832,0.51006954692955,0.8821576081182272,computed,
phase2_phase3_reanalysis_v002,exploratory_reanalysis,pending_user_review,A002,ORD,S2-ORD-SLIDE-001,MPR,1,3,validation,31,15,16,0.875,0.9049501223414267,0.12701967526221233,0.010720602057254537,1.3473525054093483,computed,
phase2_phase3_reanalysis_v002,exploratory_reanalysis,pending_user_review,A002,ORD,S2-ORD-SLIDE-001,MPR,1,4,test,31,15,16,0.8833333333333333,0.91007548007548,0.1599996532575115,-0.489436165004616,2.2218239150400856,computed,
phase2_phase3_reanalysis_v002,exploratory_reanalysis,pending_user_review,A002,ORD,S2-ORD-SLIDE-001,MPR,1,4,validation,31,15,16,0.7333333333333334,0.7691547050317664,0.2009409473642814,0.08768627884858131,1.0326627156906698,computed,
phase2_phase3_reanalysis_v002,exploratory_reanalysis,pending_user_review,A002,ORD,S2-ORD-SLIDE-001,MPR,2,0,test,31,15,16,0.9791666666666666,0.9790616246498598,0.08194191927709009,-0.5502925461313921,3.370746630481059,computed,
phase2_phase3_reanalysis_v002,exploratory_reanalysis,pending_user_review,A002,ORD,S2-ORD-SLIDE-001,MPR,2,0,validation,31,15,16,0.9583333333333334,0.9733333333333332,0.06758049168442173,-0.4533567931158338,1.9288211283628058,computed,
phase2_phase3_reanalysis_v002,exploratory_reanalysis,pending_user_review,A002,ORD,S2-ORD-SLIDE-001,MPR,2,1,test,31,15,16,0.7791666666666668,0.8515032679738561,0.16935116022051552,0.28520239263421665,0.6520855512976912,computed,
phase2_phase3_reanalysis_v002,exploratory_reanalysis,pending_user_review,A002,ORD,S2-ORD-SLIDE-001,MPR,2,1,validation,31,15,16,0.7374999999999999,0.8410238547811697,0.19230150226098794,0.42144858759161374,0.5876278091731083,computed,
phase2_phase3_reanalysis_v002,exploratory_reanalysis,pending_user_review,A002,ORD,S2-ORD-SLIDE-001,MPR,2,2,test,31,15,16,0.925,0.9407492160352571,0.14444869847538047,-0.5672268246383705,3.3400013878212675,computed,
phase2_phase3_reanalysis_v002,exploratory_reanalysis,pending_user_review,A002,ORD,S2-ORD-SLIDE-001,MPR,2,2,validation,31,15,16,0.6458333333333333,0.6915821283057788,0.2320386403297679,-0.03527729084854713,0.8179846372521795,computed,
phase2_phase3_reanalysis_v002,exploratory_reanalysis,pending_user_review,A002,ORD,S2-ORD-SLIDE-001,MPR,2,3,test,31,15,16,0.925,0.929311320487791,0.11832641612263868,0.07383987379242161,2.5693986269995177,computed,
phase2_phase3_reanalysis_v002,exploratory_reanalysis,pending_user_review,A002,ORD,S2-ORD-SLIDE-001,MPR,2,3,validation,31,15,16,0.8,0.8451862562388877,0.17908917493630974,-0.19045896291661416,0.7735393411053105,computed,
phase2_phase3_reanalysis_v002,exploratory_reanalysis,pending_user_review,A002,ORD,S2-ORD-SLIDE-001,MPR,2,4,test,31,15,16,0.9833333333333334,0.9859649122807017,0.07159441065279373,-0.44319429884342393,3.5223564248068473,computed,
phase2_phase3_reanalysis_v002,exploratory_reanalysis,pending_user_review,A002,ORD,S2-ORD-SLIDE-001,MPR,2,4,validation,31,15,16,0.9,0.9061598440545808,0.13211002257598212,-0.16493414569201062,1.4231839076240813,computed,
phase2_phase3_reanalysis_v002,exploratory_reanalysis,pending_user_review,A002,ORD,S2-ORD-SLIDE-001,MPR,42,0,test,31,15,16,0.8791666666666667,0.9172141583906288,0.12582597511997584,0.7050884766783753,1.273805457812979,computed,
phase2_phase3_reanalysis_v002,exploratory_reanalysis,pending_user_review,A002,ORD,S2-ORD-SLIDE-001,MPR,42,0,validation,31,15,16,0.85,0.8893950058655941,0.14913775391688092,0.08678181320891716,1.0426787120907874,computed,
phase2_phase3_reanalysis_v002,exploratory_reanalysis,pending_user_review,A002,ORD,S2-ORD-SLIDE-001,MPR,42,1,test,31,15,16,0.9166666666666666,0.9363492063492063,0.11449257474651803,0.05452698486826285,2.0761621936222103,computed,
phase2_phase3_reanalysis_v002,exploratory_reanalysis,pending_user_review,A002,ORD,S2-ORD-SLIDE-001,MPR,42,1,validation,31,15,16,0.8458333333333333,0.8841000616822651,0.13754329746751626,0.10786486511479905,1.1126964169927576,computed,
phase2_phase3_reanalysis_v002,exploratory_reanalysis,pending_user_review,A002,ORD,S2-ORD-SLIDE-001,MPR,42,2,test,31,15,16,0.8958333333333333,0.9227322067711083,0.14518001251490562,-0.5806010038617404,1.6618667140298315,computed,
phase2_phase3_reanalysis_v002,exploratory_reanalysis,pending_user_review,A002,ORD,S2-ORD-SLIDE-001,MPR,42,2,validation,31,15,16,0.9291666666666667,0.9339433551198257,0.12203096824025284,0.7447148150398382,2.1018845075245562,computed,
phase2_phase3_reanalysis_v002,exploratory_reanalysis,pending_user_review,A002,ORD,S2-ORD-SLIDE-001,MPR,42,3,test,31,15,16,0.9625,0.9581902737785091,0.10702302246578393,0.8607885771910888,1.8094187888486697,computed,
phase2_phase3_reanalysis_v002,exploratory_reanalysis,pending_user_review,A002,ORD,S2-ORD-SLIDE-001,MPR,42,3,validation,31,15,16,0.875,0.9072463768115941,0.13545087282869683,-0.13782865721535176,1.1340661630722924,computed,
phase2_phase3_reanalysis_v002,exploratory_reanalysis,pending_user_review,A002,ORD,S2-ORD-SLIDE-001,MPR,42,4,test,31,15,16,0.7125,0.6810367945894261,0.2135000628680914,0.003188414845264247,0.8259439408364034,computed,
phase2_phase3_reanalysis_v002,exploratory_reanalysis,pending_user_review,A002,ORD,S2-ORD-SLIDE-001,MPR,42,4,validation,31,15,16,0.7583333333333333,0.7085507085507086,0.2012380964363976,-0.011651897087756038,1.0228023818319132,computed,
phase2_phase3_reanalysis_v002,exploratory_reanalysis,pending_user_review,A002,ORD,S2-ORD-SLIDE-001,MPR,61,0,test,31,15,16,0.8583333333333334,0.8850179014884896,0.15011655355363215,0.21668122118952926,0.9135781036564591,computed,
phase2_phase3_reanalysis_v002,exploratory_reanalysis,pending_user_review,A002,ORD,S2-ORD-SLIDE-001,MPR,61,0,validation,31,15,16,0.8625,0.8479133588576313,0.1556354532534128,-0.22259936997350394,0.8863298406895788,computed,
phase2_phase3_reanalysis_v002,exploratory_reanalysis,pending_user_review,A002,ORD,S2-ORD-SLIDE-001,MPR,61,1,test,31,15,16,0.8125,0.8575837317216627,0.18349256272195744,-0.20383800461256635,0.7719542866866881,computed,
phase2_phase3_reanalysis_v002,exploratory_reanalysis,pending_user_review,A002,ORD,S2-ORD-SLIDE-001,MPR,61,1,validation,31,15,16,0.8541666666666667,0.8587491828203901,0.16151797200003018,-0.3408072049265099,1.0618733006417433,computed,
phase2_phase3_reanalysis_v002,exploratory_reanalysis,pending_user_review,A002,ORD,S2-ORD-SLIDE-001,MPR,61,2,test,31,15,16,0.8791666666666667,0.897307463778052,0.13726050781134747,-0.30522424498296735,1.2974628682738778,computed,
phase2_phase3_reanalysis_v002,exploratory_reanalysis,pending_user_review,A002,ORD,S2-ORD-SLIDE-001,MPR,61,2,validation,31,15,16,0.8916666666666666,0.9002493997230838,0.13756910831367716,0.4670779855785183,1.3536786246181622,computed,
phase2_phase3_reanalysis_v002,exploratory_reanalysis,pending_user_review,A002,ORD,S2-ORD-SLIDE-001,MPR,61,3,test,31,15,16,0.9,0.9217322291235335,0.1389724611625958,-0.8974315564761504,1.8867915678803768,computed,
phase2_phase3_reanalysis_v002,exploratory_reanalysis,pending_user_review,A002,ORD,S2-ORD-SLIDE-001,MPR,61,3,validation,31,15,16,0.9541666666666666,0.9571733821733821,0.09471629325217847,-0.3549348453701626,1.967657572313571,computed,
phase2_phase3_reanalysis_v002,exploratory_reanalysis,pending_user_review,A002,ORD,S2-ORD-SLIDE-001,MPR,61,4,test,31,15,16,0.9416666666666668,0.9586996336996336,0.11257457470455666,-0.35690138050323034,2.140341261166198,computed,
phase2_phase3_reanalysis_v002,exploratory_reanalysis,pending_user_review,A002,ORD,S2-ORD-SLIDE-001,MPR,61,4,validation,31,15,16,0.9208333333333334,0.9039296613209655,0.1336451370649473,0.19171208680094978,2.5338716663051972,computed,
phase2_phase3_reanalysis_v002,exploratory_reanalysis,pending_user_review,A002,ORD,S2-ORD-SLIDE-001,pCR,1,0,test,31,11,20,0.7863636363636364,0.7078799941029044,0.17694645534856104,0.12630907431981578,1.1834953714850829,computed,
phase2_phase3_reanalysis_v002,exploratory_reanalysis,pending_user_review,A002,ORD,S2-ORD-SLIDE-001,pCR,1,0,validation,31,11,20,0.85,0.8361741298907075,0.14900186581821848,0.2050578948950851,1.4644658895021472,computed,
phase2_phase3_reanalysis_v002,exploratory_reanalysis,pending_user_review,A002,ORD,S2-ORD-SLIDE-001,pCR,1,1,test,31,11,20,0.7818181818181819,0.7763888888888888,0.1675517809498556,-0.30032431693837514,0.9713560640962062,computed,
phase2_phase3_reanalysis_v002,exploratory_reanalysis,pending_user_review,A002,ORD,S2-ORD-SLIDE-001,pCR,1,1,validation,31,11,20,0.9090909090909092,0.9057709966800875,0.11779983763934057,-0.16061776279897136,1.718055913839604,computed,
phase2_phase3_reanalysis_v002,exploratory_reanalysis,pending_user_review,A002,ORD,S2-ORD-SLIDE-001,pCR,1,2,test,31,11,20,0.9227272727272727,0.9216345270890727,0.08131917732265286,0.3066071905484148,1.5744705296025348,computed,
phase2_phase3_reanalysis_v002,exploratory_reanalysis,pending_user_review,A002,ORD,S2-ORD-SLIDE-001,pCR,1,2,validation,31,11,20,0.8681818181818182,0.775762495080677,0.12943140182645776,0.08154252951112423,1.785772427506642,computed,
phase2_phase3_reanalysis_v002,exploratory_reanalysis,pending_user_review,A002,ORD,S2-ORD-SLIDE-001,pCR,1,3,test,31,11,20,0.9863636363636363,0.9777495232040687,0.09051529595560381,3.3143818032469774,5.661925749092551,computed,
phase2_phase3_reanalysis_v002,exploratory_reanalysis,pending_user_review,A002,ORD,S2-ORD-SLIDE-001,pCR,1,3,validation,31,11,20,0.9045454545454545,0.8935786435786437,0.11238977704503682,0.3753791669588233,1.6350343480646998,computed,
phase2_phase3_reanalysis_v002,exploratory_reanalysis,pending_user_review,A002,ORD,S2-ORD-SLIDE-001,pCR,1,4,test,31,11,20,0.8454545454545455,0.8086803095894006,0.1467990670967208,-0.09388330290547195,1.084647223698714,computed,
phase2_phase3_reanalysis_v002,exploratory_reanalysis,pending_user_review,A002,ORD,S2-ORD-SLIDE-001,pCR,1,4,validation,31,11,20,0.8363636363636363,0.8466413216413218,0.13730690426325717,-0.2742349376921094,1.4011789047723668,computed,
phase2_phase3_reanalysis_v002,exploratory_reanalysis,pending_user_review,A002,ORD,S2-ORD-SLIDE-001,pCR,2,0,test,31,11,20,0.8454545454545455,0.8552916381863751,0.12815071367458647,0.5203648887738604,1.2389276560726301,computed,
phase2_phase3_reanalysis_v002,exploratory_reanalysis,pending_user_review,A002,ORD,S2-ORD-SLIDE-001,pCR,2,0,validation,31,11,20,0.9136363636363637,0.9187878787878789,0.09831594373642226,0.5357369220482563,1.7350584864702547,computed,
phase2_phase3_reanalysis_v002,exploratory_reanalysis,pending_user_review,A002,ORD,S2-ORD-SLIDE-001,pCR,2,1,test,31,11,20,0.8545454545454545,0.8040813120956662,0.1390239966903599,0.6738825384484841,1.698269514275039,computed,
phase2_phase3_reanalysis_v002,exploratory_reanalysis,pending_user_review,A002,ORD,S2-ORD-SLIDE-001,pCR,2,1,validation,31,11,20,0.9772727272727273,0.9617715617715619,0.0919654667456447,1.6592780819015516,3.6546506082318126,computed,
phase2_phase3_reanalysis_v002,exploratory_reanalysis,pending_user_review,A002,ORD,S2-ORD-SLIDE-001,pCR,2,2,test,31,11,20,0.759090909090909,0.7537176872186173,0.17673729538702287,-0.16192976289044367,0.8853102770785363,computed,
phase2_phase3_reanalysis_v002,exploratory_reanalysis,pending_user_review,A002,ORD,S2-ORD-SLIDE-001,pCR,2,2,validation,31,11,20,0.740909090909091,0.723534758702223,0.17376173270869788,-0.02319694654840893,0.9373877123631104,computed,
phase2_phase3_reanalysis_v002,exploratory_reanalysis,pending_user_review,A002,ORD,S2-ORD-SLIDE-001,pCR,2,3,test,31,11,20,0.9681818181818181,0.9488390397481308,0.1003927152731665,-0.7738941409975231,2.2827771864882895,computed,
phase2_phase3_reanalysis_v002,exploratory_reanalysis,pending_user_review,A002,ORD,S2-ORD-SLIDE-001,pCR,2,3,validation,31,11,20,0.8818181818181818,0.883790473909051,0.12276752323403091,0.3907620233466248,1.7007756594999976,computed,
phase2_phase3_reanalysis_v002,exploratory_reanalysis,pending_user_review,A002,ORD,S2-ORD-SLIDE-001,pCR,2,4,test,31,11,20,0.8090909090909091,0.6981085581085582,0.17119584319862816,-0.31467129028254326,0.9460419026727626,computed,
phase2_phase3_reanalysis_v002,exploratory_reanalysis,pending_user_review,A002,ORD,S2-ORD-SLIDE-001,pCR,2,4,validation,31,11,20,0.7909090909090908,0.7824478551751279,0.16944087140206265,-0.21069057837632488,0.8465088183055783,computed,
phase2_phase3_reanalysis_v002,exploratory_reanalysis,pending_user_review,A002,ORD,S2-ORD-SLIDE-001,pCR,42,0,test,31,11,20,0.8727272727272728,0.793944313262495,0.14105744500546655,-0.06087895892526943,1.7295389890716097,computed,
phase2_phase3_reanalysis_v002,exploratory_reanalysis,pending_user_review,A002,ORD,S2-ORD-SLIDE-001,pCR,42,0,validation,31,11,20,0.8818181818181818,0.8651443001443002,0.13937405997346286,0.9130129228530852,1.7284298747374358,computed,
phase2_phase3_reanalysis_v002,exploratory_reanalysis,pending_user_review,A002,ORD,S2-ORD-SLIDE-001,pCR,42,1,test,31,11,20,0.9636363636363636,0.9273199023199024,0.10809906492588715,0.8856517721674648,2.8748168204481614,computed,
phase2_phase3_reanalysis_v002,exploratory_reanalysis,pending_user_review,A002,ORD,S2-ORD-SLIDE-001,pCR,42,1,validation,31,11,20,0.9545454545454545,0.9419404125286479,0.10887902861060746,-0.31635065755355873,2.8166723213418,computed,
phase2_phase3_reanalysis_v002,exploratory_reanalysis,pending_user_review,A002,ORD,S2-ORD-SLIDE-001,pCR,42,2,test,31,11,20,0.7954545454545454,0.7991171454807819,0.1462747005210921,0.16068542434389393,1.096243528072123,computed,
phase2_phase3_reanalysis_v002,exploratory_reanalysis,pending_user_review,A002,ORD,S2-ORD-SLIDE-001,pCR,42,2,validation,31,11,20,0.8454545454545455,0.829742771848035,0.14011719760302666,0.030191255895275302,1.2463579615367677,computed,
phase2_phase3_reanalysis_v002,exploratory_reanalysis,pending_user_review,A002,ORD,S2-ORD-SLIDE-001,pCR,42,3,test,31,11,20,0.8863636363636364,0.8825324675324675,0.11817548439780572,0.6689639851187338,1.8017699112135344,computed,
phase2_phase3_reanalysis_v002,exploratory_reanalysis,pending_user_review,A002,ORD,S2-ORD-SLIDE-001,pCR,42,3,validation,31,11,20,0.8636363636363636,0.8641456582633054,0.12266478206326838,0.8673003037449593,1.528474166125103,computed,
phase2_phase3_reanalysis_v002,exploratory_reanalysis,pending_user_review,A002,ORD,S2-ORD-SLIDE-001,pCR,42,4,test,31,11,20,0.8272727272727274,0.8182095895011496,0.14248885616389415,0.016159505501901178,1.0926308711240948,computed,
phase2_phase3_reanalysis_v002,exploratory_reanalysis,pending_user_review,A002,ORD,S2-ORD-SLIDE-001,pCR,42,4,validation,31,11,20,0.8954545454545455,0.8594877344877345,0.12785061364706285,0.36070357659022156,1.841381792333893,computed,
phase2_phase3_reanalysis_v002,exploratory_reanalysis,pending_user_review,A002,ORD,S2-ORD-SLIDE-001,pCR,61,0,test,31,11,20,0.8636363636363635,0.8448369812006176,0.1320412023193333,0.16195675317586067,1.4167977397259364,computed,
phase2_phase3_reanalysis_v002,exploratory_reanalysis,pending_user_review,A002,ORD,S2-ORD-SLIDE-001,pCR,61,0,validation,31,11,20,0.75,0.7171106890474479,0.1766977399038439,0.2792745983888849,0.9453963420639991,computed,
phase2_phase3_reanalysis_v002,exploratory_reanalysis,pending_user_review,A002,ORD,S2-ORD-SLIDE-001,pCR,61,1,test,31,11,20,0.9363636363636363,0.9335664335664335,0.10763742483063421,-0.709780515769898,1.8077890856713423,computed,
phase2_phase3_reanalysis_v002,exploratory_reanalysis,pending_user_review,A002,ORD,S2-ORD-SLIDE-001,pCR,61,1,validation,31,11,20,0.95,0.9104552013642924,0.11426654559728623,-0.5137309903216813,2.369038742428671,computed,
phase2_phase3_reanalysis_v002,exploratory_reanalysis,pending_user_review,A002,ORD,S2-ORD-SLIDE-001,pCR,61,2,test,31,11,20,0.8909090909090909,0.8543224452315361,0.13164990943849764,0.36369991258048456,2.076803533442439,computed,
phase2_phase3_reanalysis_v002,exploratory_reanalysis,pending_user_review,A002,ORD,S2-ORD-SLIDE-001,pCR,61,2,validation,31,11,20,0.8409090909090909,0.829978354978355,0.14159744160064702,0.17645096673571828,1.5842175581422995,computed,
phase2_phase3_reanalysis_v002,exploratory_reanalysis,pending_user_review,A002,ORD,S2-ORD-SLIDE-001,pCR,61,3,test,31,11,20,0.8954545454545455,0.8644227994227995,0.12432272313337987,0.529227536309911,2.162010580956795,computed,
phase2_phase3_reanalysis_v002,exploratory_reanalysis,pending_user_review,A002,ORD,S2-ORD-SLIDE-001,pCR,61,3,validation,31,11,20,0.8727272727272728,0.8560248673885038,0.13009674662946008,-0.0063611644343718405,1.4137675987794232,computed,
phase2_phase3_reanalysis_v002,exploratory_reanalysis,pending_user_review,A002,ORD,S2-ORD-SLIDE-001,pCR,61,4,test,31,11,20,0.7454545454545455,0.6370395421313813,0.19092199116392602,0.14095655574199306,0.9521858765924767,computed,
phase2_phase3_reanalysis_v002,exploratory_reanalysis,pending_user_review,A002,ORD,S2-ORD-SLIDE-001,pCR,61,4,validation,31,11,20,0.7590909090909091,0.6992123617123618,0.17701309974320717,0.2820231992018,1.0827411094663706,computed,
phase2_phase3_reanalysis_v002,exploratory_reanalysis,pending_user_review,A003,SPATIAL_IDENTITY,S2-SPATIAL-IDENTITY-001,MPR,1,0,test,31,15,16,0.8958333333333333,0.9028265107212474,0.14920602215041293,1.1784497100548026,1.420128615451323,computed,
phase2_phase3_reanalysis_v002,exploratory_reanalysis,pending_user_review,A003,SPATIAL_IDENTITY,S2-SPATIAL-IDENTITY-001,MPR,1,0,validation,31,15,16,0.875,0.8797883597883598,0.15187306657749225,0.5963788135761344,1.3282652249051967,computed,
phase2_phase3_reanalysis_v002,exploratory_reanalysis,pending_user_review,A003,SPATIAL_IDENTITY,S2-SPATIAL-IDENTITY-001,MPR,1,1,test,31,15,16,0.9166666666666667,0.9152742464507171,0.12633538801605912,0.36232858778633514,1.1616669433917604,computed,
phase2_phase3_reanalysis_v002,exploratory_reanalysis,pending_user_review,A003,SPATIAL_IDENTITY,S2-SPATIAL-IDENTITY-001,MPR,1,1,validation,31,15,16,0.8291666666666666,0.8091607024962794,0.16889685252708178,0.4008499737151924,1.2871884537895475,computed,
phase2_phase3_reanalysis_v002,exploratory_reanalysis,pending_user_review,A003,SPATIAL_IDENTITY,S2-SPATIAL-IDENTITY-001,MPR,1,2,test,31,15,16,0.6583333333333333,0.6820105846373595,0.2326439987915194,0.035001002752786115,0.670995130663714,computed,
phase2_phase3_reanalysis_v002,exploratory_reanalysis,pending_user_review,A003,SPATIAL_IDENTITY,S2-SPATIAL-IDENTITY-001,MPR,1,2,validation,31,15,16,0.7291666666666666,0.7482506279410304,0.2172733881848986,-0.40476744498501604,1.00257835859161,computed,
phase2_phase3_reanalysis_v002,exploratory_reanalysis,pending_user_review,A003,SPATIAL_IDENTITY,S2-SPATIAL-IDENTITY-001,MPR,1,3,test,31,15,16,0.8291666666666666,0.8163171648849398,0.17990800362093012,0.15585220312725329,0.9002840319789837,computed,
phase2_phase3_reanalysis_v002,exploratory_reanalysis,pending_user_review,A003,SPATIAL_IDENTITY,S2-SPATIAL-IDENTITY-001,MPR,1,3,validation,31,15,16,0.9083333333333333,0.9232330827067667,0.12101237634105419,-0.6550951816517365,1.5672522145785266,computed,
phase2_phase3_reanalysis_v002,exploratory_reanalysis,pending_user_review,A003,SPATIAL_IDENTITY,S2-SPATIAL-IDENTITY-001,MPR,1,4,test,31,15,16,0.875,0.8983583083583083,0.16441813386890028,-0.41037481181941854,2.4340716123649186,computed,
phase2_phase3_reanalysis_v002,exploratory_reanalysis,pending_user_review,A003,SPATIAL_IDENTITY,S2-SPATIAL-IDENTITY-001,MPR,1,4,validation,31,15,16,0.7249999999999999,0.7658675477446091,0.20144965138571855,0.1265437545699909,1.1211090203833418,computed,
phase2_phase3_reanalysis_v002,exploratory_reanalysis,pending_user_review,A003,SPATIAL_IDENTITY,S2-SPATIAL-IDENTITY-001,MPR,2,0,test,31,15,16,0.9875,0.9877124183006536,0.06972455636382564,-1.7415019034145642,5.280168556653569,computed,
phase2_phase3_reanalysis_v002,exploratory_reanalysis,pending_user_review,A003,SPATIAL_IDENTITY,S2-SPATIAL-IDENTITY-001,MPR,2,0,validation,31,15,16,0.9625,0.9749999999999999,0.06571744733905345,-0.5349797578358814,1.833763427431119,computed,
phase2_phase3_reanalysis_v002,exploratory_reanalysis,pending_user_review,A003,SPATIAL_IDENTITY,S2-SPATIAL-IDENTITY-001,MPR,2,1,test,31,15,16,0.7875000000000001,0.854071169208424,0.17202433804813622,0.2507398170110435,0.6587587126916705,computed,
phase2_phase3_reanalysis_v002,exploratory_reanalysis,pending_user_review,A003,SPATIAL_IDENTITY,S2-SPATIAL-IDENTITY-001,MPR,2,1,validation,31,15,16,0.7166666666666666,0.8149954548397262,0.20453232756329598,0.3651349327431082,0.5333024163720259,computed,
phase2_phase3_reanalysis_v002,exploratory_reanalysis,pending_user_review,A003,SPATIAL_IDENTITY,S2-SPATIAL-IDENTITY-001,MPR,2,2,test,31,15,16,0.9208333333333334,0.9357511769276474,0.15708019644660623,-0.9187205102457189,3.632125749864489,computed,
phase2_phase3_reanalysis_v002,exploratory_reanalysis,pending_user_review,A003,SPATIAL_IDENTITY,S2-SPATIAL-IDENTITY-001,MPR,2,2,validation,31,15,16,0.6416666666666666,0.6881936050643144,0.23143179572837938,-0.11367974838454131,0.9252870573131635,computed,
phase2_phase3_reanalysis_v002,exploratory_reanalysis,pending_user_review,A003,SPATIAL_IDENTITY,S2-SPATIAL-IDENTITY-001,MPR,2,3,test,31,15,16,0.8958333333333333,0.897566846638054,0.1376652355288549,-0.09288061761674407,2.015015454792444,computed,
phase2_phase3_reanalysis_v002,exploratory_reanalysis,pending_user_review,A003,SPATIAL_IDENTITY,S2-SPATIAL-IDENTITY-001,MPR,2,3,validation,31,15,16,0.7875000000000001,0.8389328449328448,0.19135084665522958,-0.20452833207151616,0.7886271081687739,computed,
phase2_phase3_reanalysis_v002,exploratory_reanalysis,pending_user_review,A003,SPATIAL_IDENTITY,S2-SPATIAL-IDENTITY-001,MPR,2,4,test,31,15,16,0.9666666666666667,0.9689987789987788,0.08391792499170708,0.5966527657968892,2.7804475137251177,computed,
phase2_phase3_reanalysis_v002,exploratory_reanalysis,pending_user_review,A003,SPATIAL_IDENTITY,S2-SPATIAL-IDENTITY-001,MPR,2,4,validation,31,15,16,0.8583333333333333,0.8746731046731047,0.15466043318439393,0.3350584705404538,1.1558205015639715,computed,
phase2_phase3_reanalysis_v002,exploratory_reanalysis,pending_user_review,A003,SPATIAL_IDENTITY,S2-SPATIAL-IDENTITY-001,MPR,42,0,test,31,15,16,0.8541666666666665,0.8991493886230728,0.14108016439827223,0.3656120465150038,1.1496350307634537,computed,
phase2_phase3_reanalysis_v002,exploratory_reanalysis,pending_user_review,A003,SPATIAL_IDENTITY,S2-SPATIAL-IDENTITY-001,MPR,42,0,validation,31,15,16,0.8374999999999999,0.8786202686202684,0.16053789281150352,0.019174126170854098,1.0405697688985696,computed,
phase2_phase3_reanalysis_v002,exploratory_reanalysis,pending_user_review,A003,SPATIAL_IDENTITY,S2-SPATIAL-IDENTITY-001,MPR,42,1,test,31,15,16,0.9166666666666666,0.9363492063492063,0.1177896255876529,-0.27957067626570115,1.9748962370513725,computed,
phase2_phase3_reanalysis_v002,exploratory_reanalysis,pending_user_review,A003,SPATIAL_IDENTITY,S2-SPATIAL-IDENTITY-001,MPR,42,1,validation,31,15,16,0.8541666666666666,0.8875538109980834,0.1376659861672713,-0.06111480211192972,1.1296523089538295,computed,
phase2_phase3_reanalysis_v002,exploratory_reanalysis,pending_user_review,A003,SPATIAL_IDENTITY,S2-SPATIAL-IDENTITY-001,MPR,42,2,test,31,15,16,0.9000000000000001,0.9215552965552964,0.13869389593971104,-0.43815709833711053,1.5189645880657787,computed,
phase2_phase3_reanalysis_v002,exploratory_reanalysis,pending_user_review,A003,SPATIAL_IDENTITY,S2-SPATIAL-IDENTITY-001,MPR,42,2,validation,31,15,16,0.9541666666666666,0.9565720012701437,0.11357139416643171,1.2653117043789084,2.457375090800064,computed,
phase2_phase3_reanalysis_v002,exploratory_reanalysis,pending_user_review,A003,SPATIAL_IDENTITY,S2-SPATIAL-IDENTITY-001,MPR,42,3,test,31,15,16,0.9708333333333333,0.9683778639660992,0.09190816049716491,0.4727796910992379,2.051094525241123,computed,
phase2_phase3_reanalysis_v002,exploratory_reanalysis,pending_user_review,A003,SPATIAL_IDENTITY,S2-SPATIAL-IDENTITY-001,MPR,42,3,validation,31,15,16,0.8833333333333333,0.9113716108452949,0.1402548203900455,-0.507313729146672,1.139249973314373,computed,
phase2_phase3_reanalysis_v002,exploratory_reanalysis,pending_user_review,A003,SPATIAL_IDENTITY,S2-SPATIAL-IDENTITY-001,MPR,42,4,test,31,15,16,0.6916666666666667,0.6312439857279899,0.21712236402001797,-0.10170249049782557,0.841789138188675,computed,
phase2_phase3_reanalysis_v002,exploratory_reanalysis,pending_user_review,A003,SPATIAL_IDENTITY,S2-SPATIAL-IDENTITY-001,MPR,42,4,validation,31,15,16,0.7625,0.7129076479076479,0.20109701281751566,-0.18244423688514683,1.1403024563414712,computed,
phase2_phase3_reanalysis_v002,exploratory_reanalysis,pending_user_review,A003,SPATIAL_IDENTITY,S2-SPATIAL-IDENTITY-001,MPR,61,0,test,31,15,16,0.8583333333333334,0.8850179014884896,0.15179826347075628,0.27905448473458894,0.9292869261666488,computed,
phase2_phase3_reanalysis_v002,exploratory_reanalysis,pending_user_review,A003,SPATIAL_IDENTITY,S2-SPATIAL-IDENTITY-001,MPR,61,0,validation,31,15,16,0.8625,0.8586323131059973,0.157182416926654,-0.1519554857194055,0.901240908861791,computed,
phase2_phase3_reanalysis_v002,exploratory_reanalysis,pending_user_review,A003,SPATIAL_IDENTITY,S2-SPATIAL-IDENTITY-001,MPR,61,1,test,31,15,16,0.8083333333333333,0.8492503983883294,0.1743878340794422,0.10127101353520958,0.7717266773988127,computed,
phase2_phase3_reanalysis_v002,exploratory_reanalysis,pending_user_review,A003,SPATIAL_IDENTITY,S2-SPATIAL-IDENTITY-001,MPR,61,1,validation,31,15,16,0.8541666666666666,0.8599560461325166,0.15892477401249946,0.08608975549825873,1.0745588883828827,computed,
phase2_phase3_reanalysis_v002,exploratory_reanalysis,pending_user_review,A003,SPATIAL_IDENTITY,S2-SPATIAL-IDENTITY-001,MPR,61,2,test,31,15,16,0.8708333333333333,0.8896425796425795,0.1496529202050119,-0.4933287189755179,1.2887444482147625,computed,
phase2_phase3_reanalysis_v002,exploratory_reanalysis,pending_user_review,A003,SPATIAL_IDENTITY,S2-SPATIAL-IDENTITY-001,MPR,61,2,validation,31,15,16,0.8791666666666667,0.8882284141726866,0.14234706137789893,0.30676140382014483,1.3954626527006981,computed,
phase2_phase3_reanalysis_v002,exploratory_reanalysis,pending_user_review,A003,SPATIAL_IDENTITY,S2-SPATIAL-IDENTITY-001,MPR,61,3,test,31,15,16,0.8916666666666666,0.9101160675073718,0.1336513946644088,-0.03020427618175953,1.7828149857975417,computed,
phase2_phase3_reanalysis_v002,exploratory_reanalysis,pending_user_review,A003,SPATIAL_IDENTITY,S2-SPATIAL-IDENTITY-001,MPR,61,3,validation,31,15,16,0.9458333333333333,0.9506919006919006,0.09907092783926771,0.49061675625675116,1.862065599836754,computed,
phase2_phase3_reanalysis_v002,exploratory_reanalysis,pending_user_review,A003,SPATIAL_IDENTITY,S2-SPATIAL-IDENTITY-001,MPR,61,4,test,31,15,16,0.9375,0.9545726495726494,0.1128601950286545,-0.4964512424507256,2.081656150366849,computed,
phase2_phase3_reanalysis_v002,exploratory_reanalysis,pending_user_review,A003,SPATIAL_IDENTITY,S2-SPATIAL-IDENTITY-001,MPR,61,4,validation,31,15,16,0.9125,0.9018173292086334,0.1370556733407381,0.012098079682761251,2.2749037535129926,computed,
phase2_phase3_reanalysis_v002,exploratory_reanalysis,pending_user_review,A003,SPATIAL_IDENTITY,S2-SPATIAL-IDENTITY-001,pCR,1,0,test,31,11,20,0.8136363636363637,0.7636696636696637,0.1667958862953046,-0.018232917322683576,1.2719274823336946,computed,
phase2_phase3_reanalysis_v002,exploratory_reanalysis,pending_user_review,A003,SPATIAL_IDENTITY,S2-SPATIAL-IDENTITY-001,pCR,1,0,validation,31,11,20,0.9,0.8867105117105119,0.12360333277173949,0.15282858939726643,1.629482499841537,computed,
phase2_phase3_reanalysis_v002,exploratory_reanalysis,pending_user_review,A003,SPATIAL_IDENTITY,S2-SPATIAL-IDENTITY-001,pCR,1,1,test,31,11,20,0.7454545454545455,0.7539675222231004,0.16921821774856818,0.04857867131071509,1.0402380919968885,computed,
phase2_phase3_reanalysis_v002,exploratory_reanalysis,pending_user_review,A003,SPATIAL_IDENTITY,S2-SPATIAL-IDENTITY-001,pCR,1,1,validation,31,11,20,0.8818181818181818,0.8715534465534467,0.12561323010221337,0.5128854027817104,1.8226835146724567,computed,
phase2_phase3_reanalysis_v002,exploratory_reanalysis,pending_user_review,A003,SPATIAL_IDENTITY,S2-SPATIAL-IDENTITY-001,pCR,1,2,test,31,11,20,0.9181818181818182,0.920096065550611,0.0921272524342457,0.10298308579997274,1.764567363352151,computed,
phase2_phase3_reanalysis_v002,exploratory_reanalysis,pending_user_review,A003,SPATIAL_IDENTITY,S2-SPATIAL-IDENTITY-001,pCR,1,2,validation,31,11,20,0.8363636363636363,0.7359797065679419,0.149000616477452,-0.21156227345103448,1.6106871736802848,computed,
phase2_phase3_reanalysis_v002,exploratory_reanalysis,pending_user_review,A003,SPATIAL_IDENTITY,S2-SPATIAL-IDENTITY-001,pCR,1,3,test,31,11,20,0.9954545454545454,0.9924242424242424,0.09005195842690292,6.346952498215722,17.86279516871393,computed,
phase2_phase3_reanalysis_v002,exploratory_reanalysis,pending_user_review,A003,SPATIAL_IDENTITY,S2-SPATIAL-IDENTITY-001,pCR,1,3,validation,31,11,20,0.9090909090909092,0.8933464196622092,0.126340470761837,0.024386939628563885,1.8873496378303298,computed,
phase2_phase3_reanalysis_v002,exploratory_reanalysis,pending_user_review,A003,SPATIAL_IDENTITY,S2-SPATIAL-IDENTITY-001,pCR,1,4,test,31,11,20,0.8227272727272728,0.7871194462103552,0.14803099936845635,0.002472667093837022,1.0860095527851872,computed,
phase2_phase3_reanalysis_v002,exploratory_reanalysis,pending_user_review,A003,SPATIAL_IDENTITY,S2-SPATIAL-IDENTITY-001,pCR,1,4,validation,31,11,20,0.8409090909090908,0.8596283346283347,0.13576494644089596,-0.05036028026070601,1.4052806938135423,computed,
phase2_phase3_reanalysis_v002,exploratory_reanalysis,pending_user_review,A003,SPATIAL_IDENTITY,S2-SPATIAL-IDENTITY-001,pCR,2,0,test,31,11,20,0.8136363636363636,0.8340115440115441,0.13325228359477184,0.12702509741695328,1.3879875925307594,computed,
phase2_phase3_reanalysis_v002,exploratory_reanalysis,pending_user_review,A003,SPATIAL_IDENTITY,S2-SPATIAL-IDENTITY-001,pCR,2,0,validation,31,11,20,0.9136363636363637,0.9215784215784217,0.11093161672550614,0.13895582982940455,2.2199491941746174,computed,
phase2_phase3_reanalysis_v002,exploratory_reanalysis,pending_user_review,A003,SPATIAL_IDENTITY,S2-SPATIAL-IDENTITY-001,pCR,2,1,test,31,11,20,0.8318181818181819,0.8094257594257595,0.16223786577740387,0.4516590305999237,2.591492540254122,computed,
phase2_phase3_reanalysis_v002,exploratory_reanalysis,pending_user_review,A003,SPATIAL_IDENTITY,S2-SPATIAL-IDENTITY-001,pCR,2,1,validation,31,11,20,0.9409090909090909,0.9221435130526041,0.12421274236438566,0.9628170793318791,4.702920607934019,computed,
phase2_phase3_reanalysis_v002,exploratory_reanalysis,pending_user_review,A003,SPATIAL_IDENTITY,S2-SPATIAL-IDENTITY-001,pCR,2,2,test,31,11,20,0.7318181818181817,0.7049297321036452,0.18646274832728912,-0.004667398475460718,0.931438071690423,computed,
phase2_phase3_reanalysis_v002,exploratory_reanalysis,pending_user_review,A003,SPATIAL_IDENTITY,S2-SPATIAL-IDENTITY-001,pCR,2,2,validation,31,11,20,0.7181818181818181,0.6905829464652995,0.18708902072848813,0.07087659090997649,0.9504118380601492,computed,
phase2_phase3_reanalysis_v002,exploratory_reanalysis,pending_user_review,A003,SPATIAL_IDENTITY,S2-SPATIAL-IDENTITY-001,pCR,2,3,test,31,11,20,0.9318181818181819,0.9058441558441559,0.13248934894588046,-0.5936569935854403,2.909590176964945,computed,
phase2_phase3_reanalysis_v002,exploratory_reanalysis,pending_user_review,A003,SPATIAL_IDENTITY,S2-SPATIAL-IDENTITY-001,pCR,2,3,validation,31,11,20,0.8590909090909091,0.8695391126221166,0.15455283848540755,0.559405366558755,2.60084044642324,computed,
phase2_phase3_reanalysis_v002,exploratory_reanalysis,pending_user_review,A003,SPATIAL_IDENTITY,S2-SPATIAL-IDENTITY-001,pCR,2,4,test,31,11,20,0.7590909090909091,0.6513516786244059,0.18219545094913325,0.0794440137897361,1.2035501296066267,computed,
phase2_phase3_reanalysis_v002,exploratory_reanalysis,pending_user_review,A003,SPATIAL_IDENTITY,S2-SPATIAL-IDENTITY-001,pCR,2,4,validation,31,11,20,0.75,0.7166508392792978,0.18274711278976377,-0.034041771542573464,0.9099933714642975,computed,
phase2_phase3_reanalysis_v002,exploratory_reanalysis,pending_user_review,A003,SPATIAL_IDENTITY,S2-SPATIAL-IDENTITY-001,pCR,42,0,test,31,11,20,0.8454545454545455,0.7596105914287734,0.17026055183055064,-0.027798746169084176,2.5218860685723827,computed,
phase2_phase3_reanalysis_v002,exploratory_reanalysis,pending_user_review,A003,SPATIAL_IDENTITY,S2-SPATIAL-IDENTITY-001,pCR,42,0,validation,31,11,20,0.8681818181818183,0.8291528062580695,0.16233354063769562,1.1555401203392914,3.269115649131224,computed,
phase2_phase3_reanalysis_v002,exploratory_reanalysis,pending_user_review,A003,SPATIAL_IDENTITY,S2-SPATIAL-IDENTITY-001,pCR,42,1,test,31,11,20,0.9545454545454546,0.9066738816738817,0.1180641544095421,1.1320779378369055,2.663089469902461,computed,
phase2_phase3_reanalysis_v002,exploratory_reanalysis,pending_user_review,A003,SPATIAL_IDENTITY,S2-SPATIAL-IDENTITY-001,pCR,42,1,validation,31,11,20,0.9454545454545455,0.9295815295815297,0.10902959302553593,0.11234657174017224,2.864514647486025,computed,
phase2_phase3_reanalysis_v002,exploratory_reanalysis,pending_user_review,A003,SPATIAL_IDENTITY,S2-SPATIAL-IDENTITY-001,pCR,42,2,test,31,11,20,0.7909090909090909,0.7975786839423202,0.14495978242036794,0.10903629554461707,1.0692049780044321,computed,
phase2_phase3_reanalysis_v002,exploratory_reanalysis,pending_user_review,A003,SPATIAL_IDENTITY,S2-SPATIAL-IDENTITY-001,pCR,42,2,validation,31,11,20,0.85,0.8335080469769465,0.13814712819966737,-0.015039432802906719,1.2380245770767924,computed,
phase2_phase3_reanalysis_v002,exploratory_reanalysis,pending_user_review,A003,SPATIAL_IDENTITY,S2-SPATIAL-IDENTITY-001,pCR,42,3,test,31,11,20,0.8863636363636365,0.8836857260386672,0.12221985146749684,0.6211615453883886,1.916140263071794,computed,
phase2_phase3_reanalysis_v002,exploratory_reanalysis,pending_user_review,A003,SPATIAL_IDENTITY,S2-SPATIAL-IDENTITY-001,pCR,42,3,validation,31,11,20,0.8636363636363636,0.8641456582633054,0.12693726325234317,0.7910258791450214,1.6208242684170973,computed,
phase2_phase3_reanalysis_v002,exploratory_reanalysis,pending_user_review,A003,SPATIAL_IDENTITY,S2-SPATIAL-IDENTITY-001,pCR,42,4,test,31,11,20,0.8227272727272728,0.8115980192532157,0.1454468238235071,0.15475197121888554,1.1004408487108113,computed,
phase2_phase3_reanalysis_v002,exploratory_reanalysis,pending_user_review,A003,SPATIAL_IDENTITY,S2-SPATIAL-IDENTITY-001,pCR,42,4,validation,31,11,20,0.8909090909090909,0.8556998556998558,0.13184946169096262,0.7042747618606721,1.919527113479106,computed,
phase2_phase3_reanalysis_v002,exploratory_reanalysis,pending_user_review,A003,SPATIAL_IDENTITY,S2-SPATIAL-IDENTITY-001,pCR,61,0,test,31,11,20,0.859090909090909,0.8359985973622337,0.13350542727854228,0.3808972492277792,1.496827053012341,computed,
phase2_phase3_reanalysis_v002,exploratory_reanalysis,pending_user_review,A003,SPATIAL_IDENTITY,S2-SPATIAL-IDENTITY-001,pCR,61,0,validation,31,11,20,0.7409090909090909,0.7135024724945673,0.18088609238636147,0.40462365794683613,0.9687743216269967,computed,
phase2_phase3_reanalysis_v002,exploratory_reanalysis,pending_user_review,A003,SPATIAL_IDENTITY,S2-SPATIAL-IDENTITY-001,pCR,61,1,test,31,11,20,0.9227272727272727,0.9069364978455887,0.10776283298789718,-0.18582303537195655,1.7479881873213046,computed,
phase2_phase3_reanalysis_v002,exploratory_reanalysis,pending_user_review,A003,SPATIAL_IDENTITY,S2-SPATIAL-IDENTITY-001,pCR,61,1,validation,31,11,20,0.9363636363636364,0.8936674436674437,0.11757434819095947,0.21486244892172335,2.0402155507782793,computed,
phase2_phase3_reanalysis_v002,exploratory_reanalysis,pending_user_review,A003,SPATIAL_IDENTITY,S2-SPATIAL-IDENTITY-001,pCR,61,2,test,31,11,20,0.8818181818181818,0.8511173170264079,0.1342073183501424,0.6094789851707336,2.2202525678892964,computed,
phase2_phase3_reanalysis_v002,exploratory_reanalysis,pending_user_review,A003,SPATIAL_IDENTITY,S2-SPATIAL-IDENTITY-001,pCR,61,2,validation,31,11,20,0.8272727272727272,0.8213967405143876,0.1401788372667602,0.3708240484460292,1.6656869063501683,computed,
phase2_phase3_reanalysis_v002,exploratory_reanalysis,pending_user_review,A003,SPATIAL_IDENTITY,S2-SPATIAL-IDENTITY-001,pCR,61,3,test,31,11,20,0.890909090909091,0.8435786435786436,0.13013306304134795,0.8287171156663126,2.172107164193164,computed,
phase2_phase3_reanalysis_v002,exploratory_reanalysis,pending_user_review,A003,SPATIAL_IDENTITY,S2-SPATIAL-IDENTITY-001,pCR,61,3,validation,31,11,20,0.8681818181818182,0.8516958630594995,0.13084820237986913,0.20392000857327355,1.4910844935596252,computed,
phase2_phase3_reanalysis_v002,exploratory_reanalysis,pending_user_review,A003,SPATIAL_IDENTITY,S2-SPATIAL-IDENTITY-001,pCR,61,4,test,31,11,20,0.5863636363636364,0.42462394507849055,0.23020328311399912,1.4767812872942352,5.3340558170035095,computed,
phase2_phase3_reanalysis_v002,exploratory_reanalysis,pending_user_review,A003,SPATIAL_IDENTITY,S2-SPATIAL-IDENTITY-001,pCR,61,4,validation,31,11,20,0.5181818181818182,0.45267749794065587,0.23135892155471804,-0.9577598159697818,-0.9025180470845339,computed,
phase2_phase3_reanalysis_v002,exploratory_reanalysis,pending_user_review,A004,SPATIAL_SHUFFLE,S2-SPATIAL-SHUFFLE-001,MPR,1,0,test,31,15,16,0.8958333333333333,0.9028265107212474,0.15105582758701208,1.2114114058586787,1.4058980180073772,computed,
phase2_phase3_reanalysis_v002,exploratory_reanalysis,pending_user_review,A004,SPATIAL_SHUFFLE,S2-SPATIAL-SHUFFLE-001,MPR,1,0,validation,31,15,16,0.875,0.8806443192120941,0.1542459886690067,0.6469606802575453,1.328873096875704,computed,
phase2_phase3_reanalysis_v002,exploratory_reanalysis,pending_user_review,A004,SPATIAL_SHUFFLE,S2-SPATIAL-SHUFFLE-001,MPR,1,1,test,31,15,16,0.9166666666666667,0.9152742464507171,0.1244301019704403,0.3191955524387549,1.1828672014807622,computed,
phase2_phase3_reanalysis_v002,exploratory_reanalysis,pending_user_review,A004,SPATIAL_SHUFFLE,S2-SPATIAL-SHUFFLE-001,MPR,1,1,validation,31,15,16,0.8375,0.8141220809870696,0.1672569539620387,0.3493216726145478,1.2928996626246074,computed,
phase2_phase3_reanalysis_v002,exploratory_reanalysis,pending_user_review,A004,SPATIAL_SHUFFLE,S2-SPATIAL-SHUFFLE-001,MPR,1,2,test,31,15,16,0.6583333333333333,0.6875505784126473,0.23280841953317197,0.0355619183948971,0.6661785168744807,computed,
phase2_phase3_reanalysis_v002,exploratory_reanalysis,pending_user_review,A004,SPATIAL_SHUFFLE,S2-SPATIAL-SHUFFLE-001,MPR,1,2,validation,31,15,16,0.725,0.7403141200045225,0.21768051003812455,-0.4033922723371299,0.9921736135728408,computed,
phase2_phase3_reanalysis_v002,exploratory_reanalysis,pending_user_review,A004,SPATIAL_SHUFFLE,S2-SPATIAL-SHUFFLE-001,MPR,1,3,test,31,15,16,0.8291666666666666,0.8163171648849398,0.17928744681589975,0.13893663107087853,0.9123455626116475,computed,
phase2_phase3_reanalysis_v002,exploratory_reanalysis,pending_user_review,A004,SPATIAL_SHUFFLE,S2-SPATIAL-SHUFFLE-001,MPR,1,3,validation,31,15,16,0.9125,0.9265664160401001,0.12194304691948472,-0.6863154946225287,1.5850329052110734,computed,
phase2_phase3_reanalysis_v002,exploratory_reanalysis,pending_user_review,A004,SPATIAL_SHUFFLE,S2-SPATIAL-SHUFFLE-001,MPR,1,4,test,31,15,16,0.8708333333333333,0.8971267812647122,0.16479412711789096,-0.4056542610665974,2.412730323510736,computed,
phase2_phase3_reanalysis_v002,exploratory_reanalysis,pending_user_review,A004,SPATIAL_SHUFFLE,S2-SPATIAL-SHUFFLE-001,MPR,1,4,validation,31,15,16,0.7249999999999999,0.7658675477446091,0.2019603601363933,0.12360207009843201,1.1137353181205976,computed,
phase2_phase3_reanalysis_v002,exploratory_reanalysis,pending_user_review,A004,SPATIAL_SHUFFLE,S2-SPATIAL-SHUFFLE-001,MPR,2,0,test,31,15,16,0.9916666666666667,0.9921568627450981,0.07052396991175763,-2.1678216067679514,6.459232796807231,computed,
phase2_phase3_reanalysis_v002,exploratory_reanalysis,pending_user_review,A004,SPATIAL_SHUFFLE,S2-SPATIAL-SHUFFLE-001,MPR,2,0,validation,31,15,16,0.9625,0.9749999999999999,0.0654371564222084,-0.5547823934294063,1.83764824355337,computed,
phase2_phase3_reanalysis_v002,exploratory_reanalysis,pending_user_review,A004,SPATIAL_SHUFFLE,S2-SPATIAL-SHUFFLE-001,MPR,2,1,test,31,15,16,0.7916666666666667,0.8570123456790122,0.1719143690646496,0.3368318884958081,0.6500087295849157,computed,
phase2_phase3_reanalysis_v002,exploratory_reanalysis,pending_user_review,A004,SPATIAL_SHUFFLE,S2-SPATIAL-SHUFFLE-001,MPR,2,1,validation,31,15,16,0.7166666666666666,0.8149954548397262,0.20634899687842062,0.45158154979433734,0.540098108728592,computed,
phase2_phase3_reanalysis_v002,exploratory_reanalysis,pending_user_review,A004,SPATIAL_SHUFFLE,S2-SPATIAL-SHUFFLE-001,MPR,2,2,test,31,15,16,0.9166666666666667,0.9360708534621578,0.15574128611335514,-0.8956894546131402,3.566144216789542,computed,
phase2_phase3_reanalysis_v002,exploratory_reanalysis,pending_user_review,A004,SPATIAL_SHUFFLE,S2-SPATIAL-SHUFFLE-001,MPR,2,2,validation,31,15,16,0.6375,0.6859877227113732,0.2310727463748409,-0.10820417845955695,0.9194682268743725,computed,
phase2_phase3_reanalysis_v002,exploratory_reanalysis,pending_user_review,A004,SPATIAL_SHUFFLE,S2-SPATIAL-SHUFFLE-001,MPR,2,3,test,31,15,16,0.8958333333333333,0.897566846638054,0.13635803772239427,-0.07015676978548802,2.1216873989239784,computed,
phase2_phase3_reanalysis_v002,exploratory_reanalysis,pending_user_review,A004,SPATIAL_SHUFFLE,S2-SPATIAL-SHUFFLE-001,MPR,2,3,validation,31,15,16,0.7833333333333332,0.8354407814407814,0.19024894414627175,-0.20320409282599208,0.806185054928401,computed,
phase2_phase3_reanalysis_v002,exploratory_reanalysis,pending_user_review,A004,SPATIAL_SHUFFLE,S2-SPATIAL-SHUFFLE-001,MPR,2,4,test,31,15,16,0.9666666666666667,0.9689987789987788,0.0845639529909469,0.574638050731224,2.678379438910172,computed,
phase2_phase3_reanalysis_v002,exploratory_reanalysis,pending_user_review,A004,SPATIAL_SHUFFLE,S2-SPATIAL-SHUFFLE-001,MPR,2,4,validation,31,15,16,0.8583333333333333,0.8746731046731047,0.15593937291231066,0.34639372656101614,1.1597953152134939,computed,
phase2_phase3_reanalysis_v002,exploratory_reanalysis,pending_user_review,A004,SPATIAL_SHUFFLE,S2-SPATIAL-SHUFFLE-001,MPR,42,0,test,31,15,16,0.8541666666666665,0.8991493886230728,0.1425922088292425,0.37005000984405406,1.1444721970681837,computed,
phase2_phase3_reanalysis_v002,exploratory_reanalysis,pending_user_review,A004,SPATIAL_SHUFFLE,S2-SPATIAL-SHUFFLE-001,MPR,42,0,validation,31,15,16,0.8291666666666667,0.8706837606837607,0.16102008825303152,0.01958841878595748,1.04234076902635,computed,
phase2_phase3_reanalysis_v002,exploratory_reanalysis,pending_user_review,A004,SPATIAL_SHUFFLE,S2-SPATIAL-SHUFFLE-001,MPR,42,1,test,31,15,16,0.9166666666666666,0.9363492063492063,0.11948905470367432,-0.3724040226716888,2.0166915261718636,computed,
phase2_phase3_reanalysis_v002,exploratory_reanalysis,pending_user_review,A004,SPATIAL_SHUFFLE,S2-SPATIAL-SHUFFLE-001,MPR,42,1,validation,31,15,16,0.8625,0.8931434796140678,0.13716088225604733,-0.09303318186628319,1.1650658643063596,computed,
phase2_phase3_reanalysis_v002,exploratory_reanalysis,pending_user_review,A004,SPATIAL_SHUFFLE,S2-SPATIAL-SHUFFLE-001,MPR,42,2,test,31,15,16,0.9000000000000001,0.9215552965552964,0.14094384029174933,-0.5566254522707238,1.5408163467666216,computed,
phase2_phase3_reanalysis_v002,exploratory_reanalysis,pending_user_review,A004,SPATIAL_SHUFFLE,S2-SPATIAL-SHUFFLE-001,MPR,42,2,validation,31,15,16,0.9541666666666666,0.9565720012701437,0.11178857939757789,1.06892643063836,2.439132114996798,computed,
phase2_phase3_reanalysis_v002,exploratory_reanalysis,pending_user_review,A004,SPATIAL_SHUFFLE,S2-SPATIAL-SHUFFLE-001,MPR,42,3,test,31,15,16,0.9708333333333333,0.9683778639660992,0.092524198786407,0.5258380444946095,2.011631206481299,computed,
phase2_phase3_reanalysis_v002,exploratory_reanalysis,pending_user_review,A004,SPATIAL_SHUFFLE,S2-SPATIAL-SHUFFLE-001,MPR,42,3,validation,31,15,16,0.8833333333333333,0.9113716108452949,0.13917472736903716,-0.4615510407806385,1.145930084944426,computed,
phase2_phase3_reanalysis_v002,exploratory_reanalysis,pending_user_review,A004,SPATIAL_SHUFFLE,S2-SPATIAL-SHUFFLE-001,MPR,42,4,test,31,15,16,0.6916666666666667,0.6312439857279899,0.21685029666784908,-0.09308634990015123,0.8342852534580701,computed,
phase2_phase3_reanalysis_v002,exploratory_reanalysis,pending_user_review,A004,SPATIAL_SHUFFLE,S2-SPATIAL-SHUFFLE-001,MPR,42,4,validation,31,15,16,0.7625,0.7129076479076479,0.20089930540612794,-0.16661935746711617,1.126928778730278,computed,
phase2_phase3_reanalysis_v002,exploratory_reanalysis,pending_user_review,A004,SPATIAL_SHUFFLE,S2-SPATIAL-SHUFFLE-001,MPR,61,0,test,31,15,16,0.8583333333333334,0.8850179014884896,0.14850774883950202,0.2005667236158495,0.9390185783600135,computed,
phase2_phase3_reanalysis_v002,exploratory_reanalysis,pending_user_review,A004,SPATIAL_SHUFFLE,S2-SPATIAL-SHUFFLE-001,MPR,61,0,validation,31,15,16,0.8541666666666667,0.854635826500815,0.15874570689588846,-0.2285047027119234,0.885219795177919,computed,
phase2_phase3_reanalysis_v002,exploratory_reanalysis,pending_user_review,A004,SPATIAL_SHUFFLE,S2-SPATIAL-SHUFFLE-001,MPR,61,1,test,31,15,16,0.8125,0.8575837317216627,0.17471593627260107,0.007839940872938822,0.7872985425663033,computed,
phase2_phase3_reanalysis_v002,exploratory_reanalysis,pending_user_review,A004,SPATIAL_SHUFFLE,S2-SPATIAL-SHUFFLE-001,MPR,61,1,validation,31,15,16,0.8541666666666666,0.8519544181308887,0.15880238843572655,-0.0523516559189739,1.0684913047112585,computed,
phase2_phase3_reanalysis_v002,exploratory_reanalysis,pending_user_review,A004,SPATIAL_SHUFFLE,S2-SPATIAL-SHUFFLE-001,MPR,61,2,test,31,15,16,0.8708333333333333,0.8896425796425795,0.14694184496072482,-0.4151025063594008,1.3112171336089673,computed,
phase2_phase3_reanalysis_v002,exploratory_reanalysis,pending_user_review,A004,SPATIAL_SHUFFLE,S2-SPATIAL-SHUFFLE-001,MPR,61,2,validation,31,15,16,0.8791666666666667,0.8882284141726866,0.1435078916395155,0.42983511664970486,1.4151266100053568,computed,
phase2_phase3_reanalysis_v002,exploratory_reanalysis,pending_user_review,A004,SPATIAL_SHUFFLE,S2-SPATIAL-SHUFFLE-001,MPR,61,3,test,31,15,16,0.8916666666666666,0.9101160675073718,0.1367957589283724,-0.1848439298062478,1.7418918660425071,computed,
phase2_phase3_reanalysis_v002,exploratory_reanalysis,pending_user_review,A004,SPATIAL_SHUFFLE,S2-SPATIAL-SHUFFLE-001,MPR,61,3,validation,31,15,16,0.9416666666666667,0.9485273985273985,0.09847854878595942,0.3221325884979239,1.8677882732690152,computed,
phase2_phase3_reanalysis_v002,exploratory_reanalysis,pending_user_review,A004,SPATIAL_SHUFFLE,S2-SPATIAL-SHUFFLE-001,MPR,61,4,test,31,15,16,0.9458333333333334,0.9602380952380951,0.11183097167255811,-0.37321368409910105,2.141734677367653,computed,
phase2_phase3_reanalysis_v002,exploratory_reanalysis,pending_user_review,A004,SPATIAL_SHUFFLE,S2-SPATIAL-SHUFFLE-001,MPR,61,4,validation,31,15,16,0.9166666666666666,0.8998026771939815,0.13322932537168014,0.16886115367156215,2.570425754898101,computed,
phase2_phase3_reanalysis_v002,exploratory_reanalysis,pending_user_review,A004,SPATIAL_SHUFFLE,S2-SPATIAL-SHUFFLE-001,pCR,1,0,test,31,11,20,0.7681818181818182,0.7008766233766234,0.17815227574832423,0.08273396784232859,1.0863181554980186,computed,
phase2_phase3_reanalysis_v002,exploratory_reanalysis,pending_user_review,A004,SPATIAL_SHUFFLE,S2-SPATIAL-SHUFFLE-001,pCR,1,0,validation,31,11,20,0.8863636363636364,0.8791763791763791,0.12562001868010092,0.2604536569259966,1.5357293506939815,computed,
phase2_phase3_reanalysis_v002,exploratory_reanalysis,pending_user_review,A004,SPATIAL_SHUFFLE,S2-SPATIAL-SHUFFLE-001,pCR,1,1,test,31,11,20,0.7636363636363637,0.7668781410160721,0.1677060803744074,0.06113710744739529,1.0852228253097933,computed,
phase2_phase3_reanalysis_v002,exploratory_reanalysis,pending_user_review,A004,SPATIAL_SHUFFLE,S2-SPATIAL-SHUFFLE-001,pCR,1,1,validation,31,11,20,0.8818181818181818,0.8715534465534467,0.1266573583480601,0.4800992813669484,1.8140740615116808,computed,
phase2_phase3_reanalysis_v002,exploratory_reanalysis,pending_user_review,A004,SPATIAL_SHUFFLE,S2-SPATIAL-SHUFFLE-001,pCR,1,2,test,31,11,20,0.9227272727272727,0.9216345270890727,0.09176327998411496,0.13070251580338588,1.8195204273079355,computed,
phase2_phase3_reanalysis_v002,exploratory_reanalysis,pending_user_review,A004,SPATIAL_SHUFFLE,S2-SPATIAL-SHUFFLE-001,pCR,1,2,validation,31,11,20,0.8363636363636363,0.7391379119988746,0.15044758210039494,-0.17585208685216966,1.5903386676673754,computed,
phase2_phase3_reanalysis_v002,exploratory_reanalysis,pending_user_review,A004,SPATIAL_SHUFFLE,S2-SPATIAL-SHUFFLE-001,pCR,1,3,test,31,11,20,0.9863636363636363,0.9750688705234161,0.09297018282647986,3.503864989640052,9.33319969905208,computed,
phase2_phase3_reanalysis_v002,exploratory_reanalysis,pending_user_review,A004,SPATIAL_SHUFFLE,S2-SPATIAL-SHUFFLE-001,pCR,1,3,validation,31,11,20,0.9045454545454545,0.8888509151667048,0.12709660996912636,0.04965532931484875,1.935300425159058,computed,
phase2_phase3_reanalysis_v002,exploratory_reanalysis,pending_user_review,A004,SPATIAL_SHUFFLE,S2-SPATIAL-SHUFFLE-001,pCR,1,4,test,31,11,20,0.8227272727272728,0.7871194462103552,0.1499444456270297,0.02707216896152181,1.0817137613534085,computed,
phase2_phase3_reanalysis_v002,exploratory_reanalysis,pending_user_review,A004,SPATIAL_SHUFFLE,S2-SPATIAL-SHUFFLE-001,pCR,1,4,validation,31,11,20,0.8409090909090908,0.8596283346283347,0.13674096010738346,-0.032280017891442685,1.4157493857520442,computed,
phase2_phase3_reanalysis_v002,exploratory_reanalysis,pending_user_review,A004,SPATIAL_SHUFFLE,S2-SPATIAL-SHUFFLE-001,pCR,2,0,test,31,11,20,0.8227272727272728,0.8373251144990277,0.1346638020556242,0.1499078772071878,1.415005481341405,computed,
phase2_phase3_reanalysis_v002,exploratory_reanalysis,pending_user_review,A004,SPATIAL_SHUFFLE,S2-SPATIAL-SHUFFLE-001,pCR,2,0,validation,31,11,20,0.9090909090909092,0.9124875124875125,0.11269672148830819,0.13216570374481312,2.1268491556869957,computed,
phase2_phase3_reanalysis_v002,exploratory_reanalysis,pending_user_review,A004,SPATIAL_SHUFFLE,S2-SPATIAL-SHUFFLE-001,pCR,2,1,test,31,11,20,0.8318181818181818,0.7964387464387466,0.16162054580650834,0.4329165844913187,2.5283027990241504,computed,
phase2_phase3_reanalysis_v002,exploratory_reanalysis,pending_user_review,A004,SPATIAL_SHUFFLE,S2-SPATIAL-SHUFFLE-001,pCR,2,1,validation,31,11,20,0.9409090909090909,0.9221435130526041,0.12338877307796937,0.8516320840115265,4.433257406984615,computed,
phase2_phase3_reanalysis_v002,exploratory_reanalysis,pending_user_review,A004,SPATIAL_SHUFFLE,S2-SPATIAL-SHUFFLE-001,pCR,2,2,test,31,11,20,0.7272727272727272,0.7032630654369786,0.18768766615777088,-0.0015971584821207838,0.9068210286167248,computed,
phase2_phase3_reanalysis_v002,exploratory_reanalysis,pending_user_review,A004,SPATIAL_SHUFFLE,S2-SPATIAL-SHUFFLE-001,pCR,2,2,validation,31,11,20,0.7136363636363636,0.685624268779349,0.18840891902703838,0.06902392481728957,0.9254212346006112,computed,
phase2_phase3_reanalysis_v002,exploratory_reanalysis,pending_user_review,A004,SPATIAL_SHUFFLE,S2-SPATIAL-SHUFFLE-001,pCR,2,3,test,31,11,20,0.9272727272727272,0.9005994005994007,0.1325562405917781,-0.601783191064281,2.8248431892089254,computed,
phase2_phase3_reanalysis_v002,exploratory_reanalysis,pending_user_review,A004,SPATIAL_SHUFFLE,S2-SPATIAL-SHUFFLE-001,pCR,2,3,validation,31,11,20,0.8545454545454546,0.8681146111976152,0.15432188792897192,0.5551489634627801,2.5452192468166586,computed,
phase2_phase3_reanalysis_v002,exploratory_reanalysis,pending_user_review,A004,SPATIAL_SHUFFLE,S2-SPATIAL-SHUFFLE-001,pCR,2,4,test,31,11,20,0.7590909090909091,0.6513516786244059,0.1827011967900548,0.08627433858818159,1.1858127703412806,computed,
phase2_phase3_reanalysis_v002,exploratory_reanalysis,pending_user_review,A004,SPATIAL_SHUFFLE,S2-SPATIAL-SHUFFLE-001,pCR,2,4,validation,31,11,20,0.7545454545454546,0.7184217955957086,0.18375089401774053,-0.029947670301337145,0.8883386971480312,computed,
phase2_phase3_reanalysis_v002,exploratory_reanalysis,pending_user_review,A004,SPATIAL_SHUFFLE,S2-SPATIAL-SHUFFLE-001,pCR,42,0,test,31,11,20,0.8409090909090909,0.7547896547896549,0.17073638929637114,-0.05795907118555006,2.4662451231722216,computed,
phase2_phase3_reanalysis_v002,exploratory_reanalysis,pending_user_review,A004,SPATIAL_SHUFFLE,S2-SPATIAL-SHUFFLE-001,pCR,42,0,validation,31,11,20,0.8772727272727273,0.8347818521347934,0.161626847651272,1.1370209389871562,3.2075481051026977,computed,
phase2_phase3_reanalysis_v002,exploratory_reanalysis,pending_user_review,A004,SPATIAL_SHUFFLE,S2-SPATIAL-SHUFFLE-001,pCR,42,1,test,31,11,20,0.9545454545454546,0.9066738816738817,0.1185767749347187,1.1425042189575119,2.6517081078546845,computed,
phase2_phase3_reanalysis_v002,exploratory_reanalysis,pending_user_review,A004,SPATIAL_SHUFFLE,S2-SPATIAL-SHUFFLE-001,pCR,42,1,validation,31,11,20,0.9454545454545455,0.9295815295815297,0.10961092922497973,0.121118949426739,2.8614681863881914,computed,
phase2_phase3_reanalysis_v002,exploratory_reanalysis,pending_user_review,A004,SPATIAL_SHUFFLE,S2-SPATIAL-SHUFFLE-001,pCR,42,2,test,31,11,20,0.7909090909090909,0.7975786839423202,0.14559023595334697,0.10684285558423999,1.0633392195772091,computed,
phase2_phase3_reanalysis_v002,exploratory_reanalysis,pending_user_review,A004,SPATIAL_SHUFFLE,S2-SPATIAL-SHUFFLE-001,pCR,42,2,validation,31,11,20,0.85,0.8335080469769465,0.13872029998851243,-0.01480047398487694,1.2352881815763046,computed,
phase2_phase3_reanalysis_v002,exploratory_reanalysis,pending_user_review,A004,SPATIAL_SHUFFLE,S2-SPATIAL-SHUFFLE-001,pCR,42,3,test,31,11,20,0.8863636363636365,0.8836857260386672,0.12262113346770409,0.6181177755774836,1.922134052356435,computed,
phase2_phase3_reanalysis_v002,exploratory_reanalysis,pending_user_review,A004,SPATIAL_SHUFFLE,S2-SPATIAL-SHUFFLE-001,pCR,42,3,validation,31,11,20,0.8590909090909091,0.8540446481622952,0.12717469744371576,0.7796570167509465,1.6162778335582124,computed,
phase2_phase3_reanalysis_v002,exploratory_reanalysis,pending_user_review,A004,SPATIAL_SHUFFLE,S2-SPATIAL-SHUFFLE-001,pCR,42,4,test,31,11,20,0.8227272727272728,0.8115980192532157,0.14594065627877936,0.15349699870717004,1.0938852133425931,computed,
phase2_phase3_reanalysis_v002,exploratory_reanalysis,pending_user_review,A004,SPATIAL_SHUFFLE,S2-SPATIAL-SHUFFLE-001,pCR,42,4,validation,31,11,20,0.8863636363636364,0.8518037518037518,0.13220435325887966,0.6910265338957197,1.9002491032556448,computed,
phase2_phase3_reanalysis_v002,exploratory_reanalysis,pending_user_review,A004,SPATIAL_SHUFFLE,S2-SPATIAL-SHUFFLE-001,pCR,61,0,test,31,11,20,0.8363636363636364,0.8127708076237488,0.14217964805350117,0.22287517579614852,1.6147788213754144,computed,
phase2_phase3_reanalysis_v002,exploratory_reanalysis,pending_user_review,A004,SPATIAL_SHUFFLE,S2-SPATIAL-SHUFFLE-001,pCR,61,0,validation,31,11,20,0.7363636363636363,0.71210277760517,0.18178612965968471,0.32926789830978964,1.0932171076181658,computed,
phase2_phase3_reanalysis_v002,exploratory_reanalysis,pending_user_review,A004,SPATIAL_SHUFFLE,S2-SPATIAL-SHUFFLE-001,pCR,61,1,test,31,11,20,0.9227272727272727,0.9046831955922865,0.1090891242729515,-0.2389827645742601,1.738683319517676,computed,
phase2_phase3_reanalysis_v002,exploratory_reanalysis,pending_user_review,A004,SPATIAL_SHUFFLE,S2-SPATIAL-SHUFFLE-001,pCR,61,1,validation,31,11,20,0.9272727272727274,0.8834276834276835,0.11904820784243354,0.12109829521660681,2.0069554177985207,computed,
phase2_phase3_reanalysis_v002,exploratory_reanalysis,pending_user_review,A004,SPATIAL_SHUFFLE,S2-SPATIAL-SHUFFLE-001,pCR,61,2,test,31,11,20,0.8863636363636364,0.8585553335553335,0.13473955390794712,0.5343046903865981,2.171766583714106,computed,
phase2_phase3_reanalysis_v002,exploratory_reanalysis,pending_user_review,A004,SPATIAL_SHUFFLE,S2-SPATIAL-SHUFFLE-001,pCR,61,2,validation,31,11,20,0.8318181818181818,0.8244047619047619,0.14182294843116766,0.3330309242621248,1.6431745806187232,computed,
phase2_phase3_reanalysis_v002,exploratory_reanalysis,pending_user_review,A004,SPATIAL_SHUFFLE,S2-SPATIAL-SHUFFLE-001,pCR,61,3,test,31,11,20,0.890909090909091,0.860093795093795,0.12944522914460452,0.7526958726926657,2.168964706946296,computed,
phase2_phase3_reanalysis_v002,exploratory_reanalysis,pending_user_review,A004,SPATIAL_SHUFFLE,S2-SPATIAL-SHUFFLE-001,pCR,61,3,validation,31,11,20,0.8681818181818182,0.8516958630594995,0.13115624950492086,0.14625997517623318,1.460726456638207,computed,
phase2_phase3_reanalysis_v002,exploratory_reanalysis,pending_user_review,A004,SPATIAL_SHUFFLE,S2-SPATIAL-SHUFFLE-001,pCR,61,4,test,31,11,20,0.5818181818181818,0.42276323269146243,0.2302228274113115,1.4148880252221612,5.172073220069253,computed,
phase2_phase3_reanalysis_v002,exploratory_reanalysis,pending_user_review,A004,SPATIAL_SHUFFLE,S2-SPATIAL-SHUFFLE-001,pCR,61,4,validation,31,11,20,0.49999999999999994,0.4270810405260166,0.23141802227824004,-1.1015460428352952,-1.262282120992408,computed,
