analysis_id,analysis_class,evidence_status,arm,split,pathway,aggregation,n_patients,n_spots,pcc,ccc,z_rmse,raw_r2,spearman,pcc_minus_ccc,pcc_squared_minus_raw_r2,z_mse,bias_squared,scale_mismatch_squared,decorrelation_component,decomposition_sum,decomposition_residual
phase2_phase3_reanalysis_v002,exploratory_reanalysis,pending_user_review,FBR,internal_val,Angiogenesis,patient_balanced_mean,6,1078,0.7378607417844267,0.7155390322275306,0.5971887770714653,0.5496349598700044,0.6523114777703757,0.022321709556896236,0.013111416375756585,0.36579488356702156,0.0037149384143346036,0.03811716570984954,0.323962779442837,0.3657948835670211,4.163336342344337e-16
phase2_phase3_reanalysis_v002,exploratory_reanalysis,pending_user_review,FBR,internal_val,Apoptosis,patient_balanced_mean,6,1078,0.5057933427591839,0.45080349465672676,0.5973949768798318,0.20980970265955312,0.42468630294039805,0.05498984810245703,0.0675198402632048,0.36043367520706077,0.002895802997937113,0.06835130898274354,0.2891865632263801,0.36043367520706066,6.47630097698008e-17
phase2_phase3_reanalysis_v002,exploratory_reanalysis,pending_user_review,FBR,internal_val,Coagulation,patient_balanced_mean,6,1078,0.6786877473096901,0.6318483706648416,0.6813390894372606,0.45615667086803907,0.6518950454884699,0.04683937664484844,0.017793467853123246,0.47927174922295235,0.01782050988325944,0.08156163110337346,0.37988960823631907,0.47927174922295196,3.608224830031759e-16
phase2_phase3_reanalysis_v002,exploratory_reanalysis,pending_user_review,FBR,internal_val,Complement,patient_balanced_mean,6,1078,0.7203266920332517,0.6706598331617082,0.6426656307828792,0.5153180126541311,0.6834106602072354,0.049666858871543686,0.013211785758938019,0.4288351577990767,0.012062012952715246,0.07256543321114901,0.34420771163521224,0.4288351577990765,1.7115938296304497e-16
phase2_phase3_reanalysis_v002,exploratory_reanalysis,pending_user_review,FBR,internal_val,DNA_Damage_Response,patient_balanced_mean,6,1078,0.5404851514485459,0.47624634540433525,0.6795117768418598,0.31451599207551584,0.5080966313362776,0.0642388060442106,0.027577168132824473,0.46663608689392855,0.008716593105391033,0.11751861113696227,0.34040088265157525,0.4666360868939287,-4.625929269271486e-17
phase2_phase3_reanalysis_v002,exploratory_reanalysis,pending_user_review,FBR,internal_val,E2F_Targets,patient_balanced_mean,6,1078,0.7275836584025996,0.6953292550655036,0.5670808854079826,0.5211658740727177,0.7108855926880003,0.032254403337096005,0.015423374469675769,0.3270261348669761,0.008098399635473392,0.03918153709114837,0.2797461981403544,0.3270261348669761,-3.700743415417188e-17
phase2_phase3_reanalysis_v002,exploratory_reanalysis,pending_user_review,FBR,internal_val,ECM_Organization,patient_balanced_mean,6,1078,0.8588622221281366,0.8438368416311314,0.40673811455363434,0.7368028007751898,0.806705886137448,0.015025380497005247,0.005167065167171951,0.17618589595946574,0.003286306621184197,0.017090484126075882,0.155809105212206,0.17618589595946607,-3.561965537339044e-16
phase2_phase3_reanalysis_v002,exploratory_reanalysis,pending_user_review,FBR,internal_val,Fibrosis,patient_balanced_mean,6,1078,0.8375638986367622,0.818992681998148,0.4646827161238271,0.7024304094649958,0.8014143603303276,0.018571216638614163,0.0038604682851057412,0.230311805942406,0.0016875276651257274,0.02569091104894694,0.20293336722833347,0.23031180594240608,-1.0177044392397268e-16
phase2_phase3_reanalysis_v002,exploratory_reanalysis,pending_user_review,FBR,internal_val,G2M_Checkpoint,patient_balanced_mean,6,1078,0.7000631611846564,0.665785767929186,0.5883371391239535,0.486043808963816,0.64737615374034,0.03427739325547038,0.016298823394726426,0.3569726821242624,0.005555697109165499,0.043348477691872854,0.30806850732322383,0.3569726821242622,1.6653345369377348e-16
phase2_phase3_reanalysis_v002,exploratory_reanalysis,pending_user_review,FBR,internal_val,Glycolysis,patient_balanced_mean,6,1078,0.725831272119318,0.6976755457519794,0.5292844111040774,0.4971760447083519,0.6895218118936061,0.028155726367338447,0.03856470072780924,0.2816523318760049,0.001984197386397811,0.037703583842808336,0.2419645506467987,0.2816523318760049,4.163336342344337e-17
phase2_phase3_reanalysis_v002,exploratory_reanalysis,pending_user_review,FBR,internal_val,IL6_JAK_STAT3,patient_balanced_mean,6,1078,0.6760153160106017,0.6375713772572814,0.5137835949751505,0.3886821074931312,0.6073612209977665,0.03844393875332031,0.08728450776031389,0.266229479690667,0.008032456867198048,0.03449473623281069,0.22370228659065827,0.266229479690667,1.850371707708594e-17
phase2_phase3_reanalysis_v002,exploratory_reanalysis,pending_user_review,FBR,internal_val,Inflammatory_Response,patient_balanced_mean,6,1078,0.6436890167174066,0.6108127333635799,0.6253587789932831,0.4232159544682313,0.5969827962316693,0.03287628335382685,0.03809997250335457,0.40121045342491685,0.007538262228574737,0.06393240980840176,0.32973978138794047,0.40121045342491696,-1.2027416100105862e-16
phase2_phase3_reanalysis_v002,exploratory_reanalysis,pending_user_review,FBR,internal_val,Interferon_Alpha,patient_balanced_mean,6,1078,0.569508568502572,0.5402254785861034,0.5539491163274958,0.2731357979420183,0.49523243075607254,0.029283089916468594,0.07350108188156597,0.3109582484323657,0.004646729643602184,0.03516626386687032,0.2711452549218933,0.31095824843236575,-1.1102230246251565e-16
phase2_phase3_reanalysis_v002,exploratory_reanalysis,pending_user_review,FBR,internal_val,MYC_Targets,patient_balanced_mean,6,1078,0.8149540284748005,0.8010289170750085,0.42528007822452457,0.616817238035316,0.7608969817979707,0.013925111399792134,0.05486172849644724,0.1846310709473257,0.003455448528280204,0.014215290000261583,0.1669603324187839,0.1846310709473257,1.61907524424502e-17
phase2_phase3_reanalysis_v002,exploratory_reanalysis,pending_user_review,FBR,internal_val,Mitotic_Spindle,patient_balanced_mean,6,1078,0.6727756232924036,0.6337834096663623,0.6105177327952344,0.45627329700173874,0.6421618379887417,0.03899221362604139,0.01252864331960323,0.3813623250099099,0.003998459300619767,0.05683505329043317,0.32052881241885717,0.3813623250099101,-1.989149585786739e-16
phase2_phase3_reanalysis_v002,exploratory_reanalysis,pending_user_review,FBR,internal_val,Oxidative_Phosphorylation,patient_balanced_mean,6,1078,0.825375562248594,0.8114553747733447,0.4247919817402946,0.6741888309670481,0.7769481873549258,0.013920187475249332,0.008416610913869083,0.18290582553028864,0.0009199250549346412,0.016406771416487054,0.16557912905886693,0.18290582553028864,-3.0068540250264654e-17
phase2_phase3_reanalysis_v002,exploratory_reanalysis,pending_user_review,FBR,internal_val,P53_Pathway,patient_balanced_mean,6,1078,0.589473204461807,0.5414655679999446,0.6216105031345146,0.3124161960640423,0.5348455951682666,0.0480076364618623,0.04175441048258286,0.39198297519643094,0.008876171173822224,0.06267089455292364,0.32043590946968503,0.39198297519643094,4.625929269271486e-17
phase2_phase3_reanalysis_v002,exploratory_reanalysis,pending_user_review,FBR,internal_val,Reactive_Oxygen_Species,patient_balanced_mean,6,1078,0.46610036096071567,0.3979380076647532,0.737469892910978,0.2056015376178052,0.43501503446535433,0.06816235329596249,0.024409041401649286,0.5511263170206583,0.005217457404684156,0.140406407638159,0.4055024519778152,0.5511263170206584,-5.551115123125783e-17
phase2_phase3_reanalysis_v002,exploratory_reanalysis,pending_user_review,FBR,internal_val,TNF_Signaling,patient_balanced_mean,6,1078,0.618287057279685,0.5778608981396444,0.5727566307525193,0.3618658089607689,0.5954800059948923,0.040426159140040684,0.03537826577524203,0.3321997823094383,0.007596449209251635,0.04647186644803114,0.27813146665215566,0.33219978230943836,-5.551115123125783e-17
phase2_phase3_reanalysis_v002,exploratory_reanalysis,pending_user_review,FBR,internal_val,Unfolded_Protein_Response,patient_balanced_mean,6,1078,0.6030770422882371,0.5585300872695559,0.5692845563496552,0.2898972358329514,0.538332285446988,0.044546955018681195,0.09102920033275812,0.3298809102204506,0.00827212416191818,0.05256954013295989,0.26903924592557243,0.3298809102204506,-4.163336342344337e-17
phase2_phase3_reanalysis_v002,exploratory_reanalysis,pending_user_review,FBR,internal_val,Wound_Healing,patient_balanced_mean,6,1078,0.7985203102235306,0.7778112211731409,0.49050983847939794,0.6399840724222714,0.7658634656791734,0.020709089050389613,0.0054456907841687234,0.24651280944336926,0.0036205916172603464,0.02362099643621089,0.21927122138989763,0.24651280944336884,3.7470027081099033e-16
phase2_phase3_reanalysis_v002,exploratory_reanalysis,pending_user_review,FBR,internal_val,emt,patient_balanced_mean,6,1078,0.7086049942462328,0.6816450761529786,0.5913969277192881,0.5026234928866605,0.6715394815918705,0.026959918093254247,0.008906519285573095,0.35367032124973935,0.0033986438649392624,0.04021919080704512,0.310052486577755,0.3536703212497394,-1.295260195396016e-16
phase2_phase3_reanalysis_v002,exploratory_reanalysis,pending_user_review,FBR,internal_val,hypoxia,patient_balanced_mean,6,1078,0.6529041099293481,0.6006061697739127,0.6228953945961706,0.4048966883448603,0.597654060462347,0.052297940155435395,0.028289392734976198,0.40490423404444864,0.008426913328670014,0.07960267361095873,0.31687464710482,0.4049042340444487,-1.295260195396016e-16
phase2_phase3_reanalysis_v002,exploratory_reanalysis,pending_user_review,FBR,internal_val,icp,patient_balanced_mean,6,1078,0.45455228448351565,0.39133546308356526,0.8931390874949557,0.20216558531274922,0.47983863926606657,0.06321682139995041,0.026247600328187033,0.8508256560109615,0.007679951483147075,0.196872391004232,0.6462733135235822,0.8508256560109615,0.0
phase2_phase3_reanalysis_v002,exploratory_reanalysis,pending_user_review,FBR,internal_val,ifng,patient_balanced_mean,6,1078,0.4158726740946736,0.36762018839703486,0.7474844930539378,0.16860210827495123,0.37498543938518275,0.048252485697638715,0.0541667007693571,0.5611875471621922,0.0016950021606787346,0.12296543234699776,0.43652711265451577,0.5611875471621922,-8.326672684688674e-17
phase2_phase3_reanalysis_v002,exploratory_reanalysis,pending_user_review,FBR,internal_val,mTOR_Signaling,patient_balanced_mean,6,1078,0.6835017460548825,0.6455871025341106,0.5662227523410218,0.46213185559218845,0.647490233551783,0.03791464352077201,0.010560139894742951,0.322944833230562,0.003634299390902908,0.046823285530094634,0.2724872483095645,0.32294483323056206,-3.700743415417188e-17
phase2_phase3_reanalysis_v002,exploratory_reanalysis,pending_user_review,FBR,internal_val,mhc,patient_balanced_mean,6,1078,0.42992571767645477,0.36688847012905473,0.5940502894833316,-8.216878482124372,0.30305905995638766,0.06303724754740005,8.44124651238472,0.45226892503774385,0.001795183787763203,0.1177184446167917,0.33275529663318887,0.45226892503774385,3.5850951836854015e-17
phase2_phase3_reanalysis_v002,exploratory_reanalysis,pending_user_review,FBR,internal_val,tgfb,patient_balanced_mean,6,1078,0.49211303817833923,0.41994522307633847,0.6607324350746788,0.27088395807640353,0.4797724455797605,0.07216781510200072,0.024379153882045927,0.44202558071351183,0.007576230178590188,0.1326910902925987,0.301758260242323,0.4420255807135119,-1.295260195396016e-16
phase2_phase3_reanalysis_v002,exploratory_reanalysis,pending_user_review,FBR,internal_val,tls,patient_balanced_mean,6,1078,0.7321053682739557,0.6935770640125404,0.5427234511607598,0.5392880743464767,0.7297251758479869,0.03852830426141537,0.009170805415886116,0.31218211451257455,0.006120493349707282,0.05765262181154057,0.2484089993513268,0.31218211451257466,-1.249000902703301e-16
phase2_phase3_reanalysis_v002,exploratory_reanalysis,pending_user_review,FBR,internal_val,toxic,patient_balanced_mean,6,1078,0.573508973043705,0.5123145314331854,0.7606388758536674,0.31593112721340844,0.6140263701184386,0.061194441610519644,0.02835879019273987,0.6701560251791384,0.01612518152767749,0.19160172203257206,0.46242912161888877,0.6701560251791384,4.625929269271486e-17
phase2_phase3_reanalysis_v002,exploratory_reanalysis,pending_user_review,FBR,XZY,Angiogenesis,patient_balanced_mean,1,1039,0.6370193717625345,0.5232138560869393,0.8464886078876868,0.31508274995808605,0.48868961544666834,0.11380551567559527,0.09071093004264813,0.7165429632836339,0.09258108362944026,0.1759096374666243,0.44805224218756906,0.7165429632836335,3.3306690738754696e-16
phase2_phase3_reanalysis_v002,exploratory_reanalysis,pending_user_review,FBR,XZY,Apoptosis,patient_balanced_mean,1,1039,0.42524180358808217,0.3362577837064711,0.6230293629887141,0.09038870631623475,0.29795853017339324,0.08898401988161109,0.09044188520261032,0.388165587146123,0.03279444229181654,0.08958082657274237,0.2657903182815641,0.388165587146123,0.0
phase2_phase3_reanalysis_v002,exploratory_reanalysis,pending_user_review,FBR,XZY,Coagulation,patient_balanced_mean,1,1039,0.42860532172716154,0.3916308168673301,0.7103173336328013,0.13246876601206958,0.41795171717854707,0.03697450485983145,0.05123375580077408,0.5045507144592123,0.0009052711161882668,0.07064024591068527,0.4330051974323388,0.5045507144592123,0.0
phase2_phase3_reanalysis_v002,exploratory_reanalysis,pending_user_review,FBR,XZY,Complement,patient_balanced_mean,1,1039,0.36128577992886596,0.16981278067562486,1.3397187323692878,-1.6947939916652084,0.37588697318581543,0.1914729992532411,1.8253214064440173,1.7948462818611712,1.1083391948476369,0.03745835304741577,0.649048733966119,1.7948462818611715,-2.220446049250313e-16
phase2_phase3_reanalysis_v002,exploratory_reanalysis,pending_user_review,FBR,XZY,DNA_Damage_Response,patient_balanced_mean,1,1039,0.5041214281619145,0.3406315488289672,0.8800846850149687,-0.16611756496707275,0.4436098644633418,0.16348987933294734,0.4202559792990811,0.7745490527978968,0.2733480355943124,0.10760942132287521,0.3935915958807093,0.7745490527978969,-1.1102230246251565e-16
phase2_phase3_reanalysis_v002,exploratory_reanalysis,pending_user_review,FBR,XZY,E2F_Targets,patient_balanced_mean,1,1039,0.633888229075229,0.4768330806063365,0.7301029288301136,0.00118734276287924,0.5453690212048287,0.1570551484688925,0.40062694419725076,0.5330502866863099,0.21002608199200973,0.04241928027946817,0.2806049244148319,0.5330502866863098,1.1102230246251565e-16
phase2_phase3_reanalysis_v002,exploratory_reanalysis,pending_user_review,FBR,XZY,ECM_Organization,patient_balanced_mean,1,1039,0.7352796469027839,0.7121056042931119,0.4382925992884713,0.5321936612713762,0.7449851201111304,0.02317404260967204,0.008442497878106359,0.1921004025910445,0.002374519434870897,0.0186557250169025,0.17107015813927123,0.19210040259104463,-1.3877787807814457e-16
phase2_phase3_reanalysis_v002,exploratory_reanalysis,pending_user_review,FBR,XZY,Fibrosis,patient_balanced_mean,1,1039,0.7206142801746659,0.6963613617878587,0.4848772725253984,0.5121350443810915,0.7341699508411609,0.02425291838680721,0.007149896410560408,0.2351059694116695,0.0019498226176652477,0.024109778406918678,0.20904636838708548,0.23510596941166942,8.326672684688674e-17
phase2_phase3_reanalysis_v002,exploratory_reanalysis,pending_user_review,FBR,XZY,G2M_Checkpoint,patient_balanced_mean,1,1039,0.6742574776842368,0.41899216635585523,1.016458102263653,-0.1913467766949657,0.6336512480406522,0.2552653113283816,0.6459699229080749,1.0331870736574267,0.5590153482474164,0.11421394706699663,0.3599577783430136,1.0331870736574267,0.0
phase2_phase3_reanalysis_v002,exploratory_reanalysis,pending_user_review,FBR,XZY,Glycolysis,patient_balanced_mean,1,1039,0.6073809731412932,0.3712021755245671,0.7016223014981928,-0.4058412598827448,0.3686776413514551,0.23617879761672617,0.7747529064168092,0.49227385395962103,0.26927729699945735,0.035144302540321734,0.18785225441984207,0.4922738539596212,-1.6653345369377348e-16
phase2_phase3_reanalysis_v002,exploratory_reanalysis,pending_user_review,FBR,XZY,IL6_JAK_STAT3,patient_balanced_mean,1,1039,0.5584903460611647,0.29359589005532943,0.7175418451159595,-0.32629064733913826,0.3255479817572648,0.2648944560058352,0.6382021139826577,0.5148662994924157,0.24611068324086582,0.09958857471313821,0.16916704153841175,0.5148662994924158,-1.1102230246251565e-16
phase2_phase3_reanalysis_v002,exploratory_reanalysis,pending_user_review,FBR,XZY,Inflammatory_Response,patient_balanced_mean,1,1039,0.4489064153219139,0.3778511282159772,0.9092948768940169,0.1919658809260445,0.47813333570133393,0.07105528710593667,0.00955108879112615,0.8268171731457052,7.047748442163279e-06,0.21034936552308842,0.6164607598741748,0.8268171731457054,-1.1102230246251565e-16
phase2_phase3_reanalysis_v002,exploratory_reanalysis,pending_user_review,FBR,XZY,Interferon_Alpha,patient_balanced_mean,1,1039,0.21723213402714395,0.06091711776052003,1.1414282822026758,-2.6751053732089787,0.17283034786929147,0.15631501626662392,2.7222951732629657,1.3028585234121515,0.9261235129514617,0.07219693326145546,0.3045380771992344,1.3028585234121515,0.0
phase2_phase3_reanalysis_v002,exploratory_reanalysis,pending_user_review,FBR,XZY,MYC_Targets,patient_balanced_mean,1,1039,0.772968291068159,0.69115773123624,0.4013694707268194,0.40738939471374946,0.5803135154497068,0.08181055983191898,0.19009058428308068,0.16109745203152714,0.04971569526214786,0.0054920007965766765,0.10588975597280258,0.16109745203152712,2.7755575615628914e-17
phase2_phase3_reanalysis_v002,exploratory_reanalysis,pending_user_review,FBR,XZY,Mitotic_Spindle,patient_balanced_mean,1,1039,0.6354781675326147,0.4163733082304922,0.9756388916938523,-0.09960305000067837,0.5974505298258963,0.21910485930212248,0.5034355514112883,0.9518712469856085,0.4355109364476043,0.1268231861452448,0.38953712439275934,0.9518712469856084,1.1102230246251565e-16
phase2_phase3_reanalysis_v002,exploratory_reanalysis,pending_user_review,FBR,XZY,Oxidative_Phosphorylation,patient_balanced_mean,1,1039,0.7854307027829283,0.7563415015008274,0.3950025455142476,0.6128963259396727,0.6143198388675364,0.029089201282100907,0.00400506293441194,0.15602701096273527,0.0014450116321074109,0.022271026930740602,0.1323109723998873,0.1560270109627353,-2.7755575615628914e-17
phase2_phase3_reanalysis_v002,exploratory_reanalysis,pending_user_review,FBR,XZY,P53_Pathway,patient_balanced_mean,1,1039,0.561748167364237,0.31375835515315226,0.8481608242840984,-0.2763090229853058,0.3238007502853369,0.2479898122110848,0.5918700265223846,0.7193767838502814,0.33258989439154296,0.13018684680488415,0.25660004265385433,0.7193767838502814,0.0
phase2_phase3_reanalysis_v002,exploratory_reanalysis,pending_user_review,FBR,XZY,Reactive_Oxygen_Species,patient_balanced_mean,1,1039,0.2805908073799364,0.15018356441329508,0.9028781937789014,-0.5280710535300959,0.17155200193776635,0.13040724296664133,0.6068022547162204,0.8151890328014515,0.3022423382552768,0.14357964203716875,0.369367052509006,0.8151890328014515,0.0
phase2_phase3_reanalysis_v002,exploratory_reanalysis,pending_user_review,FBR,XZY,TNF_Signaling,patient_balanced_mean,1,1039,0.3041523650873053,0.20270686097004487,0.7571257775297362,-0.2749576514552279,0.27156454092953725,0.10144550411726044,0.3674663126434293,0.5732394430000075,0.14169711918285047,0.09810866005433728,0.33343366376281985,0.5732394430000076,-1.1102230246251565e-16
phase2_phase3_reanalysis_v002,exploratory_reanalysis,pending_user_review,FBR,XZY,Unfolded_Protein_Response,patient_balanced_mean,1,1039,0.6025634469265497,0.4306072294094899,0.6411878107435587,0.13969131852606032,0.4412215502901299,0.1719562175170598,0.22339138904594458,0.41112180864611764,0.10487547268750996,0.10117502474460521,0.20507131121400254,0.4111218086461177,-5.551115123125783e-17
phase2_phase3_reanalysis_v002,exploratory_reanalysis,pending_user_review,FBR,XZY,Wound_Healing,patient_balanced_mean,1,1039,0.6335773352404949,0.6027300109767235,0.5109543326355832,0.33636217669102564,0.6423705477485234,0.030847324263771347,0.0650580630394208,0.2610743300390742,0.015395920922446587,0.016600122653742916,0.2290782864628847,0.2610743300390742,0.0
phase2_phase3_reanalysis_v002,exploratory_reanalysis,pending_user_review,FBR,XZY,emt,patient_balanced_mean,1,1039,0.5918671411376282,0.5298464376012474,0.5213707184129307,0.17257837982630864,0.6009555310862147,0.062020703536380783,0.17772833293212043,0.2718274260184154,0.045783733266969835,0.014801390604559636,0.21124230214688589,0.27182742601841536,5.551115123125783e-17
phase2_phase3_reanalysis_v002,exploratory_reanalysis,pending_user_review,FBR,XZY,hypoxia,patient_balanced_mean,1,1039,0.3555700554906341,0.32498261867857,0.5812582872436641,0.03963418416968345,0.29395363825479487,0.030587436812064106,0.08679588019192916,0.3378611964894379,2.4472764030489885e-06,0.04305430472411082,0.29480444448892423,0.33786119648943813,-2.220446049250313e-16
phase2_phase3_reanalysis_v002,exploratory_reanalysis,pending_user_review,FBR,XZY,icp,patient_balanced_mean,1,1039,0.3058410754532973,0.16549434370982827,1.4482992430419752,-0.3077253573348555,0.2832024050042988,0.14034673174346904,0.40126412076928497,2.0975706973959585,0.6212350628934916,0.5322017660773516,0.9441338684251155,2.097570697395959,-4.440892098500626e-16
phase2_phase3_reanalysis_v002,exploratory_reanalysis,pending_user_review,FBR,XZY,ifng,patient_balanced_mean,1,1039,0.15060564397132303,0.10251364826511088,0.8185979344946854,-0.3741041949930932,0.1402426854996261,0.04809199570621216,0.39678625498911013,0.6701025783589653,0.12656707969653963,0.11185418553442639,0.43168131312799934,0.6701025783589654,-1.1102230246251565e-16
phase2_phase3_reanalysis_v002,exploratory_reanalysis,pending_user_review,FBR,XZY,mTOR_Signaling,patient_balanced_mean,1,1039,0.6623655710330237,0.5919558932749509,0.5120760742403915,0.39040138284644765,0.4679481865750621,0.07040967775807283,0.04832676684345594,0.26222190580945093,0.020776338791892626,0.047535577141290274,0.193909989876268,0.26222190580945093,0.0
phase2_phase3_reanalysis_v002,exploratory_reanalysis,pending_user_review,FBR,XZY,mhc,patient_balanced_mean,1,1039,0.5032254641886252,0.4296624890494552,0.37886740783939965,0.21835454111648567,0.3164211905372476,0.07356297513917004,0.03488132669137167,0.143540512722946,0.005175260592083152,0.03161553956793342,0.1067497125629294,0.14354051272294596,2.7755575615628914e-17
phase2_phase3_reanalysis_v002,exploratory_reanalysis,pending_user_review,FBR,XZY,tgfb,patient_balanced_mean,1,1039,0.43903472419242306,0.31133037368135863,0.6268514356714918,0.08320534186966022,0.213744714258631,0.12770435051106444,0.10954614717705677,0.3929427224034105,0.04648588952624791,0.11948240933259725,0.22697442354456535,0.39294272240341055,-5.551115123125783e-17
phase2_phase3_reanalysis_v002,exploratory_reanalysis,pending_user_review,FBR,XZY,tls,patient_balanced_mean,1,1039,0.6639869499026133,0.48896516533942985,1.0692421538010195,0.38636895150538864,0.47587146144111986,0.17502178456318346,0.05450971813558686,1.1432787834650429,0.009850502290570145,0.5798536736706081,0.5535746075038644,1.1432787834650426,2.220446049250313e-16
phase2_phase3_reanalysis_v002,exploratory_reanalysis,pending_user_review,FBR,XZY,toxic,patient_balanced_mean,1,1039,0.3802570827895441,0.2877314677429608,1.0885989319612805,0.11746255493189361,0.32323053004883967,0.0925256150465833,0.02713289407972061,1.1850476346672407,0.025910847408395322,0.3789229092272869,0.7802138780315585,1.1850476346672407,0.0
phase2_phase3_reanalysis_v002,exploratory_reanalysis,pending_user_review,RCC,internal_val,Angiogenesis,patient_balanced_mean,6,1078,0.7383729578595216,0.7169420865793299,0.5985185216023249,0.5479137377417618,0.6541884744554776,0.021430871280191804,0.015569203717550018,0.36752587925506147,0.007593059456919529,0.03504101512392406,0.32489180467421774,0.3675258792550613,1.5265566588595902e-16
phase2_phase3_reanalysis_v002,exploratory_reanalysis,pending_user_review,RCC,internal_val,Apoptosis,patient_balanced_mean,6,1078,0.5022959704064177,0.4442736021105598,0.5990049695336489,0.2056697771331455,0.41679939752524003,0.058022368295858044,0.06895919216290614,0.36231712912217623,0.0036508616372030595,0.07122199245969539,0.2874442750252776,0.36231712912217606,1.7578531223231644e-16
phase2_phase3_reanalysis_v002,exploratory_reanalysis,pending_user_review,RCC,internal_val,Coagulation,patient_balanced_mean,6,1078,0.6793927154855263,0.635045849221555,0.6777947880728865,0.46175810567255704,0.6542823895557698,0.044346866263971246,0.013201290885699582,0.4734314476776397,0.0124595493060212,0.07927492373916321,0.3816969746324555,0.47343144767763995,-2.821816854255606e-16
phase2_phase3_reanalysis_v002,exploratory_reanalysis,pending_user_review,RCC,internal_val,Complement,patient_balanced_mean,6,1078,0.7197479541266203,0.6771916647702594,0.640274443565031,0.5153324162567589,0.6821430184401346,0.04255628935636089,0.012786361244359465,0.42513671869186925,0.011845918012453384,0.06127785461205293,0.35201294606736266,0.4251367186918689,2.544261098099317e-16
phase2_phase3_reanalysis_v002,exploratory_reanalysis,pending_user_review,RCC,internal_val,DNA_Damage_Response,patient_balanced_mean,6,1078,0.542555003376562,0.48323636537450027,0.6741528861134176,0.3233640469332808,0.5066013173654562,0.05931863800206181,0.020871784976914224,0.45924891875908996,0.0037008387738551307,0.1124651000701054,0.34308297991512937,0.4592489187590898,7.401486830834377e-17
phase2_phase3_reanalysis_v002,exploratory_reanalysis,pending_user_review,RCC,internal_val,E2F_Targets,patient_balanced_mean,6,1078,0.7253967070896751,0.6971538163845628,0.5677889840123459,0.5225286778694511,0.7080143981581127,0.028242890705112284,0.010796776119485374,0.3282568482577221,0.0063895623810120905,0.0360681998992925,0.28579908597741754,0.3282568482577221,2.312964634635743e-17
phase2_phase3_reanalysis_v002,exploratory_reanalysis,pending_user_review,RCC,internal_val,ECM_Organization,patient_balanced_mean,6,1078,0.8609116996220169,0.849714953739004,0.406086599210212,0.7381671814886342,0.8078363226862882,0.011196745883012746,0.007218162643826742,0.1756306490375077,0.003582477376414742,0.01212360061085893,0.15992457105023428,0.17563064903750794,-2.3360942809821e-16
phase2_phase3_reanalysis_v002,exploratory_reanalysis,pending_user_review,RCC,internal_val,Fibrosis,patient_balanced_mean,6,1078,0.8391583036496958,0.8245544710217539,0.46367681933115507,0.7032435201874755,0.8032637345673477,0.014603832627941904,0.0056611040099975125,0.2293808932087691,0.0024891145031135675,0.019638302390918152,0.20725347631473734,0.22938089320876906,2.7755575615628914e-17
phase2_phase3_reanalysis_v002,exploratory_reanalysis,pending_user_review,RCC,internal_val,G2M_Checkpoint,patient_balanced_mean,6,1078,0.6975522322252269,0.6665921098367115,0.5889886372848396,0.48200508248242685,0.6437228149527091,0.03096012238851542,0.017385522911977314,0.3571448364075865,0.005390503647220281,0.03861199143802461,0.3131423413223416,0.3571448364075865,-1.850371707708594e-17
phase2_phase3_reanalysis_v002,exploratory_reanalysis,pending_user_review,RCC,internal_val,Glycolysis,patient_balanced_mean,6,1078,0.7263132454376291,0.6976787460332815,0.5279011967377577,0.5041111258405941,0.6923417153353505,0.028634499404347664,0.03233816402367481,0.280398055195154,0.003044671996776424,0.037391282121183325,0.23996210107719385,0.28039805519515365,3.3769283665681843e-16
phase2_phase3_reanalysis_v002,exploratory_reanalysis,pending_user_review,RCC,internal_val,IL6_JAK_STAT3,patient_balanced_mean,6,1078,0.6838888678814139,0.6492426890368986,0.5082654410687253,0.4085136131719313,0.6192757550788076,0.03464617884451529,0.07440998721158605,0.2610798922125771,0.005205200447980128,0.03275017601250737,0.2231245157520898,0.26107989221257727,-2.0354088784794536e-16
phase2_phase3_reanalysis_v002,exploratory_reanalysis,pending_user_review,RCC,internal_val,Inflammatory_Response,patient_balanced_mean,6,1078,0.6495822847960758,0.6169722907866415,0.6160805951185104,0.43369889678770984,0.604519429386405,0.03260999400943424,0.03253990752032022,0.3871520785244226,0.004069491234144296,0.06030698943692773,0.32277559785335047,0.38715207852442246,8.326672684688674e-17
phase2_phase3_reanalysis_v002,exploratory_reanalysis,pending_user_review,RCC,internal_val,Interferon_Alpha,patient_balanced_mean,6,1078,0.5795525512677165,0.5482075871456175,0.5548479431938822,0.2743580056595243,0.5019029488531842,0.031344964122098945,0.08086537478343271,0.31306938368047366,0.008074186417426509,0.03602497375133997,0.26897022351170724,0.3130693836804737,-7.401486830834377e-17
phase2_phase3_reanalysis_v002,exploratory_reanalysis,pending_user_review,RCC,internal_val,MYC_Targets,patient_balanced_mean,6,1078,0.8140817463838296,0.8022240576656507,0.42323462277086593,0.6240888130416097,0.7593556037721695,0.011857688718178735,0.04637371627415394,0.18284348202045644,0.0027588331991084277,0.01212795452905866,0.16795669429228946,0.18284348202045655,-9.483155002006545e-17
phase2_phase3_reanalysis_v002,exploratory_reanalysis,pending_user_review,RCC,internal_val,Mitotic_Spindle,patient_balanced_mean,6,1078,0.6711361907759654,0.6365304072583432,0.6101441870892829,0.454583425416865,0.6419769652130776,0.03460578351762216,0.012693284104518874,0.3803244958721992,0.0032207691564320163,0.05076333719318062,0.3263403895225867,0.38032449587219935,-1.7578531223231644e-16
phase2_phase3_reanalysis_v002,exploratory_reanalysis,pending_user_review,RCC,internal_val,Oxidative_Phosphorylation,patient_balanced_mean,6,1078,0.8224654511443331,0.8085291394748753,0.42694588584501814,0.6709445526524433,0.7688430711463937,0.01393631166945782,0.006824540014911155,0.18458647508879397,0.0015768225784832518,0.015536003250964053,0.16747364925934674,0.18458647508879408,-1.1102230246251565e-16
phase2_phase3_reanalysis_v002,exploratory_reanalysis,pending_user_review,RCC,internal_val,P53_Pathway,patient_balanced_mean,6,1078,0.5923145675885151,0.5434198492747538,0.6222997607627232,0.3125017042516542,0.5413772597073195,0.04889471831376124,0.044103536017984,0.39291502247253174,0.01024997759554258,0.06176275937966353,0.3209022854973257,0.3929150224725318,-5.551115123125783e-17
phase2_phase3_reanalysis_v002,exploratory_reanalysis,pending_user_review,RCC,internal_val,Reactive_Oxygen_Species,patient_balanced_mean,6,1078,0.4661904776543067,0.39569477551380783,0.7372465931168425,0.20587625163884513,0.43553823443224765,0.0704957021404989,0.02441643033792634,0.5505554473477697,0.005259113005912092,0.14483316434052382,0.40046317000133375,0.5505554473477695,5.551115123125783e-17
phase2_phase3_reanalysis_v002,exploratory_reanalysis,pending_user_review,RCC,internal_val,TNF_Signaling,patient_balanced_mean,6,1078,0.6263740510847415,0.5884968665281679,0.5665745512442195,0.3763914340485293,0.6057261521886431,0.03787718455657358,0.030830603210501278,0.32474397666981,0.005424711079789475,0.04435305025810651,0.27496621533191395,0.32474397666981,3.700743415417188e-17
phase2_phase3_reanalysis_v002,exploratory_reanalysis,pending_user_review,RCC,internal_val,Unfolded_Protein_Response,patient_balanced_mean,6,1078,0.6070101454098346,0.5583392452513279,0.5655737022751545,0.3017483709479757,0.5445177631431762,0.04867090015850661,0.08164880703094198,0.32506620829705957,0.007031147690775422,0.0571048823924111,0.26093017821387304,0.3250662082970595,0.0
phase2_phase3_reanalysis_v002,exploratory_reanalysis,pending_user_review,RCC,internal_val,Wound_Healing,patient_balanced_mean,6,1078,0.8014664542096668,0.7841176332772767,0.48773432341856315,0.6432023975459462,0.7690699973793819,0.017348820932389986,0.006874913698087968,0.24358089233870692,0.004055230789061112,0.01912913228417829,0.22039652926546757,0.24358089233870692,-5.551115123125783e-17
phase2_phase3_reanalysis_v002,exploratory_reanalysis,pending_user_review,RCC,internal_val,emt,patient_balanced_mean,6,1078,0.7101491021086955,0.68689501525221,0.5921500043410619,0.5013166073809359,0.6727559061605205,0.023254086856485518,0.012499446536674749,0.35488238757831375,0.00381452474935433,0.03439735130973378,0.3166705115192256,0.35488238757831364,9.251858538542972e-17
phase2_phase3_reanalysis_v002,exploratory_reanalysis,pending_user_review,RCC,internal_val,hypoxia,patient_balanced_mean,6,1078,0.6529409199249709,0.6077678628802748,0.620263835395228,0.41236676500735747,0.598977364907535,0.04517305704469612,0.0208030078822468,0.4022668815660671,0.0044392322390715095,0.07391081981921484,0.3239168295077806,0.402266881566067,1.7115938296304497e-16
phase2_phase3_reanalysis_v002,exploratory_reanalysis,pending_user_review,RCC,internal_val,icp,patient_balanced_mean,6,1078,0.457289056443782,0.3885796602020423,0.8935894509435763,0.2042158392386114,0.48457849662621433,0.06870939624173966,0.025827909649140585,0.852935828777686,0.010084542620134094,0.2103380836921741,0.6325132024653781,0.8529358287776864,-1.0177044392397268e-16
phase2_phase3_reanalysis_v002,exploratory_reanalysis,pending_user_review,RCC,internal_val,ifng,patient_balanced_mean,6,1078,0.43877279896048843,0.3838536301149374,0.7408481125153927,0.18937553453583753,0.393279207621803,0.05491916884555107,0.04243219667732792,0.5519916447246666,0.002117917806937359,0.12709497738193262,0.4227787495357966,0.5519916447246666,-6.47630097698008e-17
phase2_phase3_reanalysis_v002,exploratory_reanalysis,pending_user_review,RCC,internal_val,mTOR_Signaling,patient_balanced_mean,6,1078,0.6825015640941539,0.6455660520110148,0.566002411538432,0.46246169651310165,0.6493594682561618,0.036935512083139034,0.00894774474697102,0.322698424336146,0.0026936230619366438,0.046892558780635536,0.2731122424935739,0.3226984243361461,-7.401486830834377e-17
phase2_phase3_reanalysis_v002,exploratory_reanalysis,pending_user_review,RCC,internal_val,mhc,patient_balanced_mean,6,1078,0.42437612607434744,0.35868268833853795,0.5904195030534791,-6.435810783873291,0.29178519391050267,0.06569343773580943,6.655532673322555,0.4510043682091245,0.0023973157865322787,0.12161101114512925,0.326996041277463,0.45100436820912454,-9.251858538542972e-17
phase2_phase3_reanalysis_v002,exploratory_reanalysis,pending_user_review,RCC,internal_val,tgfb,patient_balanced_mean,6,1078,0.49625295536750835,0.43153548899620847,0.6568361893106615,0.27329188879024185,0.4871198682646776,0.06471746637129991,0.024626814889397625,0.4360351726005111,0.003918008024767209,0.11869072761226535,0.31342643696347844,0.436035172600511,7.401486830834377e-17
phase2_phase3_reanalysis_v002,exploratory_reanalysis,pending_user_review,RCC,internal_val,tls,patient_balanced_mean,6,1078,0.7344342138713359,0.698960955493357,0.5398408746931622,0.5414019184530391,0.7284880477814192,0.03547325837797891,0.010830625664353194,0.3076999353996066,0.004597481598546083,0.054337460173112945,0.24876499362794777,0.3076999353996067,-1.1564823173178715e-16
phase2_phase3_reanalysis_v002,exploratory_reanalysis,pending_user_review,RCC,internal_val,toxic,patient_balanced_mean,6,1078,0.5708884875998039,0.5101823066953837,0.7594494546835514,0.3151861185469711,0.5972956289953469,0.060706180904420225,0.025060174245109756,0.663645647218681,0.010860260445807205,0.18575690219763794,0.46702848457523594,0.6636456472186811,1.3877787807814457e-17
phase2_phase3_reanalysis_v002,exploratory_reanalysis,pending_user_review,RCC,XZY,Angiogenesis,patient_balanced_mean,1,1039,0.641452044306261,0.5260751750047329,0.8594596991075414,0.29393139226917187,0.49004925084873563,0.11537686930152813,0.1175293328755096,0.7386709743900256,0.12198154533077908,0.1583655963041766,0.45832383275506966,0.7386709743900253,3.3306690738754696e-16
phase2_phase3_reanalysis_v002,exploratory_reanalysis,pending_user_review,RCC,XZY,Apoptosis,patient_balanced_mean,1,1039,0.4276565375766062,0.33204003168356777,0.6251533009822847,0.08417631514725044,0.3101198008654044,0.09561650589303844,0.09871379898476076,0.390816649729047,0.03745527816729251,0.09336057433866493,0.2600007972230897,0.39081664972904717,-1.6653345369377348e-16
phase2_phase3_reanalysis_v002,exploratory_reanalysis,pending_user_review,RCC,XZY,Coagulation,patient_balanced_mean,1,1039,0.4247586317288695,0.38931997503252375,0.7184115738353171,0.11258465338253187,0.41478493703329167,0.03543865669634577,0.06783524184564951,0.5161151894205372,0.005616724991151439,0.06489607565283366,0.4456023887765522,0.5161151894205374,-1.1102230246251565e-16
phase2_phase3_reanalysis_v002,exploratory_reanalysis,pending_user_review,RCC,XZY,Complement,patient_balanced_mean,1,1039,0.3611127711743996,0.17866716786612852,1.336380077531779,-1.6813795692508857,0.37488496651918013,0.1824456033082711,1.81178200275614,1.7859117116238432,1.0739307819787027,0.024648376020813004,0.6873325536243274,1.785911711623843,2.220446049250313e-16
phase2_phase3_reanalysis_v002,exploratory_reanalysis,pending_user_review,RCC,XZY,DNA_Damage_Response,patient_balanced_mean,1,1039,0.5029963524706317,0.3475438502425346,0.8689456299362476,-0.13678573909060843,0.44386365066112143,0.1554525022280971,0.3897910696893684,0.7550665077853022,0.2524033282991784,0.10525369623153545,0.3974094832545886,0.7550665077853025,-3.3306690738754696e-16
phase2_phase3_reanalysis_v002,exploratory_reanalysis,pending_user_review,RCC,XZY,E2F_Targets,patient_balanced_mean,1,1039,0.6252109250072867,0.47580309098712453,0.7273040894000243,0.0088305334742943,0.5427337933531361,0.14940783402016217,0.3820581672741728,0.5289712384579986,0.19915473918496432,0.04199367742146603,0.28782282185156816,0.5289712384579985,1.1102230246251565e-16
phase2_phase3_reanalysis_v002,exploratory_reanalysis,pending_user_review,RCC,XZY,ECM_Organization,patient_balanced_mean,1,1039,0.7336366880113351,0.7141742585683417,0.448263104407281,0.5106677762535151,0.7436749452542484,0.019462429442993368,0.027555013742725842,0.20093981077285292,0.007237314022386465,0.011412764290014374,0.18228973246045202,0.20093981077285286,5.551115123125783e-17
phase2_phase3_reanalysis_v002,exploratory_reanalysis,pending_user_review,RCC,XZY,Fibrosis,patient_balanced_mean,1,1039,0.7180977186301425,0.7035192943424379,0.487888792850881,0.5060560718990523,0.7323567612768546,0.014578424287704617,0.009608261602762957,0.23803547418948987,1.783604918743036e-06,0.0162976415259559,0.22173604905861533,0.23803547418948998,-1.1102230246251565e-16
phase2_phase3_reanalysis_v002,exploratory_reanalysis,pending_user_review,RCC,XZY,G2M_Checkpoint,patient_balanced_mean,1,1039,0.6689297813447924,0.4189686416521186,1.0125054099217374,-0.1820992311398104,0.6355994921922308,0.2499611396926738,0.6295662835098021,1.0251672051207856,0.5451097134563819,0.11419639180536606,0.36586109985903803,1.0251672051207859,-2.220446049250313e-16
phase2_phase3_reanalysis_v002,exploratory_reanalysis,pending_user_review,RCC,XZY,Glycolysis,patient_balanced_mean,1,1039,0.6026406585638038,0.33836647725973173,0.7339624235968457,-0.5384279714686258,0.36612960481634227,0.26427418130407204,0.901603734822841,0.5387008392521555,0.3148285782587269,0.04221930101783918,0.18165295997558945,0.5387008392521555,0.0
phase2_phase3_reanalysis_v002,exploratory_reanalysis,pending_user_review,RCC,XZY,IL6_JAK_STAT3,patient_balanced_mean,1,1039,0.5501614211820285,0.29446382920435255,0.7108476098750399,-0.30165909141602043,0.3284979400533484,0.25569759197767594,0.6043366807730497,0.5053043244650569,0.23336741104609268,0.09949920136442048,0.17243771205454395,0.5053043244650571,-2.220446049250313e-16
phase2_phase3_reanalysis_v002,exploratory_reanalysis,pending_user_review,RCC,XZY,Inflammatory_Response,patient_balanced_mean,1,1039,0.4466592132242263,0.3805765755973841,0.9121996001180216,0.18679513942836534,0.4780198749438848,0.06608263762684219,0.01270931332971953,0.8321081104554785,2.0888385011110792e-05,0.19872731101025845,0.6333599110602093,0.8321081104554788,-3.3306690738754696e-16
phase2_phase3_reanalysis_v002,exploratory_reanalysis,pending_user_review,RCC,XZY,Interferon_Alpha,patient_balanced_mean,1,1039,0.20719821055075377,0.06087929220634616,1.1161000014032096,-2.513813884785724,0.1775524444400698,0.1463189183444076,2.5567449832411584,1.2456792131322447,0.8648074938140983,0.07188983567964216,0.30898188363850443,1.2456792131322447,0.0
phase2_phase3_reanalysis_v002,exploratory_reanalysis,pending_user_review,RCC,XZY,MYC_Targets,patient_balanced_mean,1,1039,0.7705610382001689,0.673182225131342,0.41099474807070113,0.37862569234530297,0.5841352439390236,0.0973788130688269,0.21513862124681915,0.1689166829416991,0.05750720548318041,0.007809505292023075,0.10359997216649573,0.1689166829416992,-1.1102230246251565e-16
phase2_phase3_reanalysis_v002,exploratory_reanalysis,pending_user_review,RCC,XZY,Mitotic_Spindle,patient_balanced_mean,1,1039,0.6303178945554658,0.4216523465827297,0.9609990878474507,-0.06685077816930951,0.5983887181598408,0.20866554797273612,0.46415142636614487,0.9235192468436323,0.4016389062044601,0.12698656641813785,0.39489377422103444,0.9235192468436324,-1.1102230246251565e-16
phase2_phase3_reanalysis_v002,exploratory_reanalysis,pending_user_review,RCC,XZY,Oxidative_Phosphorylation,patient_balanced_mean,1,1039,0.7774502106103334,0.7404156830083796,0.4031242896019658,0.5968140052208439,0.6199120366189913,0.037034527601953804,0.007614824757207761,0.1625091928670896,0.002491969779964991,0.027329820136866884,0.13268740295025777,0.16250919286708965,-5.551115123125783e-17
phase2_phase3_reanalysis_v002,exploratory_reanalysis,pending_user_review,RCC,XZY,P53_Pathway,patient_balanced_mean,1,1039,0.5512968319625433,0.30563753286469314,0.8592754789433512,-0.309978774098699,0.3205163368512409,0.24565929909785017,0.6139069710306357,0.7383543487133256,0.34556898726414276,0.12826511178783181,0.26452024966135107,0.7383543487133257,-1.1102230246251565e-16
phase2_phase3_reanalysis_v002,exploratory_reanalysis,pending_user_review,RCC,XZY,Reactive_Oxygen_Species,patient_balanced_mean,1,1039,0.25949402214626155,0.13480966782291504,0.9094489958712078,-0.5503934189587072,0.15253350756683218,0.12468435432334651,0.6177305664883517,0.827097476091148,0.3069105186895689,0.1524245891960084,0.3677623682055707,0.827097476091148,0.0
phase2_phase3_reanalysis_v002,exploratory_reanalysis,pending_user_review,RCC,XZY,TNF_Signaling,patient_balanced_mean,1,1039,0.29952457942955857,0.20582226623469513,0.7564302702261161,-0.27261633618856784,0.27116732663987975,0.09370231319486344,0.3623313098710218,0.572186753714355,0.1345738134310699,0.09081789639935857,0.3467950438839266,0.572186753714355,0.0
phase2_phase3_reanalysis_v002,exploratory_reanalysis,pending_user_review,RCC,XZY,Unfolded_Protein_Response,patient_balanced_mean,1,1039,0.5806793898170801,0.39573222370367106,0.6674638277104817,0.0677352582292311,0.4293548389167509,0.18494716611340906,0.2694532955291054,0.44550796130192766,0.1273214975941191,0.10749970257833943,0.21068676112946913,0.44550796130192766,0.0
phase2_phase3_reanalysis_v002,exploratory_reanalysis,pending_user_review,RCC,XZY,Wound_Healing,patient_balanced_mean,1,1039,0.6320488808275306,0.6104245328657357,0.5103968063999252,0.33780963926891316,0.6414499482392131,0.02162434796179491,0.061676148486420834,0.2605048999832428,0.010246243644096244,0.012631682356306241,0.2376269739828403,0.2605048999832428,0.0
phase2_phase3_reanalysis_v002,exploratory_reanalysis,pending_user_review,RCC,XZY,emt,patient_balanced_mean,1,1039,0.5842982933130625,0.5270794070679525,0.5341072907464082,0.13165840597467104,0.5941045341079834,0.05721888624510996,0.20974608959388658,0.2852705980284682,0.04936983866825091,0.009701058838041498,0.2261997005221758,0.2852705980284682,0.0
phase2_phase3_reanalysis_v002,exploratory_reanalysis,pending_user_review,RCC,XZY,hypoxia,patient_balanced_mean,1,1039,0.358351986309283,0.32798733590793466,0.5859679378985198,0.024008389692032894,0.295580700822652,0.030364650401348336,0.10440775639977565,0.34335842424504354,0.0037277072866483047,0.03956639302182688,0.30006432393656834,0.34335842424504354,0.0
phase2_phase3_reanalysis_v002,exploratory_reanalysis,pending_user_review,RCC,XZY,icp,patient_balanced_mean,1,1039,0.3133102339021332,0.17010526919755556,1.435631230831105,-0.2849485317035303,0.295343198196097,0.14320496470457764,0.3831118343713397,2.0610370309376336,0.5961393048026478,0.5389924720668264,0.92590525406816,2.0610370309376345,-8.881784197001252e-16
phase2_phase3_reanalysis_v002,exploratory_reanalysis,pending_user_review,RCC,XZY,ifng,patient_balanced_mean,1,1039,0.1827819989385098,0.1248441528606762,0.7981555622750222,-0.3063316995277421,0.17751525541669463,0.0579378460778336,0.33974095866369947,0.6370523015905567,0.11353861102588006,0.11719911776287226,0.4063145728018045,0.6370523015905568,-1.1102230246251565e-16
phase2_phase3_reanalysis_v002,exploratory_reanalysis,pending_user_review,RCC,XZY,mTOR_Signaling,patient_balanced_mean,1,1039,0.6585394594284442,0.5868843843187582,0.514566387446028,0.38445780168038146,0.4656541609124962,0.07165507510968594,0.049216417943926005,0.2647785670892558,0.02115815664974449,0.048580948226162046,0.1950394622133493,0.26477856708925585,-5.551115123125783e-17
phase2_phase3_reanalysis_v002,exploratory_reanalysis,pending_user_review,RCC,XZY,mhc,patient_balanced_mean,1,1039,0.4934017014959407,0.41605101142352746,0.3769271424991154,0.22634000588272796,0.29864866752867303,0.07735069007241324,0.01710523315636142,0.14207407075254844,0.0023608711609026506,0.035781128974118954,0.10393207061752677,0.14207407075254838,5.551115123125783e-17
phase2_phase3_reanalysis_v002,exploratory_reanalysis,pending_user_review,RCC,XZY,tgfb,patient_balanced_mean,1,1039,0.43777814070718846,0.33659544441598854,0.6080737129050655,0.13730896909895052,0.21322806928199506,0.10118269629119991,0.05434073138209239,0.369753640326152,0.02163557077644364,0.10718528642696278,0.24093278312274558,0.369753640326152,0.0
phase2_phase3_reanalysis_v002,exploratory_reanalysis,pending_user_review,RCC,XZY,tls,patient_balanced_mean,1,1039,0.6736468940370053,0.5095313473511166,1.0521701470602387,0.405807545016423,0.4802470134423085,0.16411554668588868,0.0479925928292812,1.1070620183647641,0.0029089416278190623,0.5469839523883765,0.5571691243485685,1.107062018364764,2.220446049250313e-16
phase2_phase3_reanalysis_v002,exploratory_reanalysis,pending_user_review,RCC,XZY,toxic,patient_balanced_mean,1,1039,0.3804627571093568,0.2878216443612222,1.084226067183091,0.12453855992243479,0.31785357600187797,0.09264111274813458,0.020213349624818633,1.1755461647593126,0.017551441061032725,0.38437125456591364,0.773623469132366,1.1755461647593124,2.220446049250313e-16
phase2_phase3_reanalysis_v002,exploratory_reanalysis,pending_user_review,HCR,internal_val,Angiogenesis,patient_balanced_mean,6,1078,0.7380289955297522,0.7165067002595212,0.5989647096666096,0.5473999823100223,0.6528819181707046,0.021522295270231046,0.015570870051461419,0.36815046117188494,0.006013688351871708,0.03598510123940263,0.32615167158061054,0.36815046117188494,4.625929269271485e-18
phase2_phase3_reanalysis_v002,exploratory_reanalysis,pending_user_review,HCR,internal_val,Apoptosis,patient_balanced_mean,6,1078,0.504098209105733,0.4465931245071275,0.5975234508270847,0.20997441335625608,0.4222553792068769,0.057505084598605455,0.06624947166969579,0.3604896737126026,0.0035378815008700513,0.07059175762629093,0.2863600345854415,0.36048967371260243,1.8503717077085943e-16
phase2_phase3_reanalysis_v002,exploratory_reanalysis,pending_user_review,HCR,internal_val,Coagulation,patient_balanced_mean,6,1078,0.6795310669582776,0.6373710206136206,0.6789063322903447,0.4599992263895339,0.6528956854870404,0.042160046344657025,0.014999387116016047,0.47492905474451125,0.013687872466091424,0.07624218353056113,0.384998998747859,0.47492905474451147,-2.7292982688701767e-16
phase2_phase3_reanalysis_v002,exploratory_reanalysis,pending_user_review,HCR,internal_val,Complement,patient_balanced_mean,6,1078,0.7203566304424335,0.6796740931244046,0.640397590995826,0.5180198945084244,0.6833465009266785,0.040682537318028844,0.01059031464673497,0.4253984552302487,0.00961232861139926,0.061049684992434565,0.35473644162641477,0.4253984552302487,9.251858538542972e-17
phase2_phase3_reanalysis_v002,exploratory_reanalysis,pending_user_review,HCR,internal_val,DNA_Damage_Response,patient_balanced_mean,6,1078,0.5417893768782408,0.47927760332058583,0.6770087295263227,0.31952898783548767,0.50764108872182,0.06251177355765503,0.023662034626590032,0.46308684616364565,0.0057824890764117155,0.11655758930723349,0.34074676778,0.4630868461636453,3.0531133177191805e-16
phase2_phase3_reanalysis_v002,exploratory_reanalysis,pending_user_review,HCR,internal_val,E2F_Targets,patient_balanced_mean,6,1078,0.7264423529175735,0.6968864778091993,0.5662251451702763,0.5246817437789639,0.7096378996713896,0.02955587510837432,0.01018863569259266,0.32659233824553463,0.00620768804348079,0.03808298769685008,0.28230166250520367,0.3265923382455345,7.401486830834377e-17
phase2_phase3_reanalysis_v002,exploratory_reanalysis,pending_user_review,HCR,internal_val,ECM_Organization,patient_balanced_mean,6,1078,0.8597178543965885,0.8482940350989333,0.40583486054497836,0.7378709279542534,0.8078239834566415,0.011423819297655013,0.005611759227818924,0.1759053889539954,0.0030765534387718944,0.013280767387361156,0.15954806812786249,0.17590538895399552,-1.2027416100105862e-16
phase2_phase3_reanalysis_v002,exploratory_reanalysis,pending_user_review,HCR,internal_val,Fibrosis,patient_balanced_mean,6,1078,0.8377238996025897,0.8240344476756225,0.46457169600778886,0.7027642923043306,0.802839617835121,0.013689451926967152,0.003831596649762884,0.23071703484653186,0.001991404096696635,0.019716246546970004,0.2090093842028653,0.23071703484653194,-6.938893903907228e-17
phase2_phase3_reanalysis_v002,exploratory_reanalysis,pending_user_review,HCR,internal_val,G2M_Checkpoint,patient_balanced_mean,6,1078,0.6987526547790831,0.6644930854365961,0.5892416624951965,0.4830099638908008,0.644128405857158,0.0342595693424869,0.017594926068144306,0.3579519747231363,0.005510683257261652,0.04254839377604397,0.30989289768983075,0.3579519747231364,-1.0639637319324417e-16
phase2_phase3_reanalysis_v002,exploratory_reanalysis,pending_user_review,HCR,internal_val,Glycolysis,patient_balanced_mean,6,1078,0.7263130364060072,0.695309776833929,0.5291181736279499,0.4992736440495477,0.6903658372499756,0.031003259572078112,0.037234577183863686,0.28154193018947143,0.0029627528466175603,0.04063057266366758,0.2379486046791863,0.28154193018947143,-2.312964634635743e-17
phase2_phase3_reanalysis_v002,exploratory_reanalysis,pending_user_review,HCR,internal_val,IL6_JAK_STAT3,patient_balanced_mean,6,1078,0.6784572545793668,0.641794815208121,0.5112005909261066,0.39780794353464927,0.6115622198088749,0.03666243937124581,0.08001533235483692,0.26379304849898677,0.005699218870949495,0.03455061741078442,0.22354321221725293,0.2637930484989868,-9.71445146547012e-17
phase2_phase3_reanalysis_v002,exploratory_reanalysis,pending_user_review,HCR,internal_val,Inflammatory_Response,patient_balanced_mean,6,1078,0.6445780015988116,0.6132711863450325,0.6223066425221243,0.42605692401827877,0.6002559768552946,0.031306815253779145,0.03597412114664405,0.39663681520691135,0.005767883416501467,0.06146105446179231,0.3294078773286175,0.3966368152069113,1.4802973661668753e-16
phase2_phase3_reanalysis_v002,exploratory_reanalysis,pending_user_review,HCR,internal_val,Interferon_Alpha,patient_balanced_mean,6,1078,0.5744786409535144,0.5454654335503895,0.5526120231484023,0.2764456784559883,0.5004441955417641,0.029013207403124946,0.07547977237693267,0.3097245369891445,0.0047790504083746405,0.034863580485880175,0.2700819060948898,0.30972453698914465,-1.2027416100105862e-16
phase2_phase3_reanalysis_v002,exploratory_reanalysis,pending_user_review,HCR,internal_val,MYC_Targets,patient_balanced_mean,6,1078,0.8139347027210135,0.8004126214298416,0.4247523959040673,0.618616795856623,0.7582990915117053,0.013522081291171975,0.051604879992753365,0.18407664309516572,0.0028099394970387006,0.014147115170822662,0.16711958842730423,0.1840766430951656,1.3183898417423734e-16
phase2_phase3_reanalysis_v002,exploratory_reanalysis,pending_user_review,HCR,internal_val,Mitotic_Spindle,patient_balanced_mean,6,1078,0.6725845534068817,0.6356715972933472,0.6097240007776642,0.4570511473303156,0.6397103974072248,0.03691295611353449,0.011488118935055682,0.38029748540973124,0.0028216417352523895,0.05413140021018656,0.3233444434642923,0.38029748540973124,-5.088522196198634e-17
phase2_phase3_reanalysis_v002,exploratory_reanalysis,pending_user_review,HCR,internal_val,Oxidative_Phosphorylation,patient_balanced_mean,6,1078,0.8244288216995143,0.8102469174244509,0.4249890049527323,0.6739539288795261,0.7730895148337368,0.014181904275063403,0.007079593912391306,0.18311185476040115,0.0009556864949068389,0.016525583918000967,0.16563058434749334,0.18311185476040115,-1.850371707708594e-17
phase2_phase3_reanalysis_v002,exploratory_reanalysis,pending_user_review,HCR,internal_val,P53_Pathway,patient_balanced_mean,6,1078,0.589465103551007,0.5375401034278983,0.6225896433151089,0.3100993736915491,0.5358199542284676,0.051925000123108855,0.04386330624605195,0.39312127834263505,0.01060732431171293,0.06586238429093752,0.31665156973998454,0.393121278342635,2.7755575615628914e-17
phase2_phase3_reanalysis_v002,exploratory_reanalysis,pending_user_review,HCR,internal_val,Reactive_Oxygen_Species,patient_balanced_mean,6,1078,0.4660142088243194,0.3960715042497152,0.7374250692640903,0.20538306277857998,0.4349191869891064,0.06994270457460426,0.02470004941734463,0.5509061789306924,0.005663157534410536,0.14310111965033975,0.40214190174594217,0.5509061789306925,-3.700743415417188e-17
phase2_phase3_reanalysis_v002,exploratory_reanalysis,pending_user_review,HCR,internal_val,TNF_Signaling,patient_balanced_mean,6,1078,0.6193499288242058,0.5808411852026736,0.5702791187206993,0.36683199635467884,0.5979847932429424,0.03850874362153234,0.032106557890550176,0.32911417677907584,0.00605443627090569,0.0446743891064899,0.2783853514016803,0.3291141767790759,-4.625929269271485e-18
phase2_phase3_reanalysis_v002,exploratory_reanalysis,pending_user_review,HCR,internal_val,Unfolded_Protein_Response,patient_balanced_mean,6,1078,0.6014833201456151,0.5519818102298613,0.5683634136714121,0.29199962343779684,0.5374467251343195,0.04950150991575384,0.08661071914234247,0.3287592534979995,0.007186730166708277,0.059079110575120934,0.2624934127561702,0.32875925349799945,8.789265611615822e-17
phase2_phase3_reanalysis_v002,exploratory_reanalysis,pending_user_review,HCR,internal_val,Wound_Healing,patient_balanced_mean,6,1078,0.7997829248908065,0.7837596489361376,0.48959160404145924,0.6409888142018557,0.7676929917487779,0.01602327595466881,0.0063429624136305636,0.24574259623633998,0.0032889499965334528,0.01829902496915336,0.2241546212706531,0.2457425962363399,7.864079757761526e-17
phase2_phase3_reanalysis_v002,exploratory_reanalysis,pending_user_review,HCR,internal_val,emt,patient_balanced_mean,6,1078,0.7080329435498992,0.6833702771531582,0.5922539043298928,0.5007549463270806,0.6719378935296825,0.02466266639674103,0.010105671008750114,0.354815721197595,0.0029966115399450138,0.03722410395078243,0.3145950057068675,0.3548157211975949,4.625929269271486e-17
phase2_phase3_reanalysis_v002,exploratory_reanalysis,pending_user_review,HCR,internal_val,hypoxia,patient_balanced_mean,6,1078,0.6540085570980909,0.6054695471709216,0.6208642346554464,0.41152220927734917,0.5984142016531253,0.04853900992716933,0.02287986571723205,0.4030238947262965,0.005674485772874012,0.07811668858027596,0.3192327203731466,0.4030238947262965,2.312964634635743e-17
phase2_phase3_reanalysis_v002,exploratory_reanalysis,pending_user_review,HCR,internal_val,icp,patient_balanced_mean,6,1078,0.4529520879441616,0.3861555441025024,0.8932905207823657,0.20204387804456894,0.47674052907584646,0.06679654384165916,0.02499201164902283,0.8512758443871938,0.009303193257414015,0.2049643584381291,0.6370082926916509,0.8512758443871942,-1.7578531223231644e-16
phase2_phase3_reanalysis_v002,exploratory_reanalysis,pending_user_review,HCR,internal_val,ifng,patient_balanced_mean,6,1078,0.4194055176879204,0.3702873517646111,0.7469782119832021,0.16949820725082962,0.37805850799987484,0.04911816592330933,0.05458567299582448,0.5604153651979757,0.0014948754825339795,0.1232181237159644,0.4357023659994775,0.5604153651979759,-1.3877787807814457e-16
phase2_phase3_reanalysis_v002,exploratory_reanalysis,pending_user_review,HCR,internal_val,mTOR_Signaling,patient_balanced_mean,6,1078,0.6839433796252566,0.6456708394543751,0.5655837888651979,0.4631652686748955,0.6482832164092907,0.03827254017088155,0.010148781345785044,0.322266108638486,0.0035124511334387876,0.0475289542845734,0.27122470322047393,0.3222661086384861,-4.625929269271486e-17
phase2_phase3_reanalysis_v002,exploratory_reanalysis,pending_user_review,HCR,internal_val,mhc,patient_balanced_mean,6,1078,0.4287383300729184,0.36102335144909325,0.5928183895254201,-7.439600739537748,0.30863042027782334,0.06771497862382524,7.661207205771736,0.4523092958632009,0.00197207520203446,0.12144958398947964,0.3288876366716868,0.4523092958632009,1.1564823173178714e-17
phase2_phase3_reanalysis_v002,exploratory_reanalysis,pending_user_review,HCR,internal_val,tgfb,patient_balanced_mean,6,1078,0.4940923476635675,0.42657780875060974,0.6585915662295555,0.2721331204840142,0.48005620619294875,0.06751453891295779,0.023980702869212316,0.4386574316790977,0.005253782548779915,0.12383229841762976,0.30957135071268804,0.4386574316790977,4.625929269271486e-17
phase2_phase3_reanalysis_v002,exploratory_reanalysis,pending_user_review,HCR,internal_val,tls,patient_balanced_mean,6,1078,0.732776541773538,0.6933334492985178,0.5409051118129927,0.5416039963949656,0.7299279344460782,0.039443092475020314,0.007706596181938086,0.3092344797384632,0.0038569660193489073,0.060044481638561235,0.245333032080553,0.309234479738463,1.0639637319324417e-16
phase2_phase3_reanalysis_v002,exploratory_reanalysis,pending_user_review,HCR,internal_val,toxic,patient_balanced_mean,6,1078,0.5692980813574884,0.5029361210063831,0.760195197659812,0.3157725011005732,0.602241193651973,0.06636196035110536,0.023511998986613727,0.6671938201409562,0.012608446720667276,0.1972136756719536,0.45737169774833514,0.6671938201409561,6.47630097698008e-17
phase2_phase3_reanalysis_v002,exploratory_reanalysis,pending_user_review,HCR,XZY,Angiogenesis,patient_balanced_mean,1,1039,0.6353157458018982,0.5124130728278516,0.8666022218832848,0.2821470899810531,0.48723806666720865,0.12290267297404656,0.12147900688276903,0.7509994109730461,0.12527841809630433,0.17268246480334595,0.4530385280733955,0.7509994109730458,3.3306690738754696e-16
phase2_phase3_reanalysis_v002,exploratory_reanalysis,pending_user_review,HCR,XZY,Apoptosis,patient_balanced_mean,1,1039,0.4246464486351839,0.3314568252222162,0.6243315953088776,0.08658226244476364,0.2985382873620229,0.09318962341296771,0.09374234389371025,0.38978994090092806,0.03497258587268709,0.09297769048384817,0.2618396645443929,0.38978994090092817,-1.1102230246251565e-16
phase2_phase3_reanalysis_v002,exploratory_reanalysis,pending_user_review,HCR,XZY,Coagulation,patient_balanced_mean,1,1039,0.4330243803606978,0.3975486464562988,0.7148086013020878,0.12146345103726708,0.4210185277511853,0.03547573390439901,0.06604666294949921,0.5109513364954471,0.005916654141310368,0.06356603123867761,0.4414686511154592,0.5109513364954472,-1.1102230246251565e-16
phase2_phase3_reanalysis_v002,exploratory_reanalysis,pending_user_review,HCR,XZY,Complement,patient_balanced_mean,1,1039,0.3608826408041724,0.175790280251964,1.3318224154432705,-1.6631213163177456,0.37568568599197755,0.18509236055220843,1.793357596751539,1.7737509462771475,1.0735377050715245,0.030229307396538875,0.6699839338090839,1.7737509462771475,0.0
phase2_phase3_reanalysis_v002,exploratory_reanalysis,pending_user_review,HCR,XZY,DNA_Damage_Response,patient_balanced_mean,1,1039,0.5093850228487692,0.34800217620985674,0.8702187871084603,-0.1401193589302152,0.4473469440594065,0.16138284663891245,0.3995924604328563,0.7572807374365198,0.2602775041375705,0.1077005886096743,0.38930264468927517,0.75728073743652,-2.220446049250313e-16
phase2_phase3_reanalysis_v002,exploratory_reanalysis,pending_user_review,HCR,XZY,E2F_Targets,patient_balanced_mean,1,1039,0.6340543453398774,0.48421586971324776,0.7201233266487743,0.028305791867011765,0.5457889422354754,0.1498384756266296,0.3737191209773687,0.5185776055836974,0.19556456798879635,0.04203335805923339,0.2809796795356674,0.5185776055836971,2.220446049250313e-16
phase2_phase3_reanalysis_v002,exploratory_reanalysis,pending_user_review,HCR,XZY,ECM_Organization,patient_balanced_mean,1,1039,0.7368877334164337,0.7179362327319198,0.4384460779986819,0.5318659765942113,0.747406568463109,0.0189515006845139,0.011137555065397708,0.19223496331242626,0.0024679203601680666,0.015059877474591477,0.1747071654776668,0.19223496331242634,-8.326672684688674e-17
phase2_phase3_reanalysis_v002,exploratory_reanalysis,pending_user_review,HCR,XZY,Fibrosis,patient_balanced_mean,1,1039,0.7218139563081191,0.7015243350533702,0.48551828789311696,0.5108442614637001,0.735833710287665,0.02028962125474887,0.010171126057479163,0.23572800787866363,0.002221387199767204,0.019978507929262184,0.2135281127496342,0.2357280078786636,2.7755575615628914e-17
phase2_phase3_reanalysis_v002,exploratory_reanalysis,pending_user_review,HCR,XZY,G2M_Checkpoint,patient_balanced_mean,1,1039,0.6754545235987687,0.42818645023471796,1.000968610392894,-0.15531429553913068,0.6348171318575553,0.2472680733640507,0.6115531089891701,1.0019381589918812,0.5292995340434294,0.11214396102215628,0.3604946639262954,1.0019381589918812,0.0
phase2_phase3_reanalysis_v002,exploratory_reanalysis,pending_user_review,HCR,XZY,Glycolysis,patient_balanced_mean,1,1039,0.6068513617492752,0.35552965292333716,0.7183394611626146,-0.4736317315322849,0.36641295179420985,0.2513217088259381,0.8419003067892346,0.5160115814633954,0.29341466276402156,0.0381774429016016,0.1844194757977723,0.5160115814633954,0.0
phase2_phase3_reanalysis_v002,exploratory_reanalysis,pending_user_review,HCR,XZY,IL6_JAK_STAT3,patient_balanced_mean,1,1039,0.555799828227338,0.2942274509057141,0.7141682071914421,-0.3138484299393023,0.32827699916677755,0.26157237732162386,0.6227618789968408,0.5100362281630386,0.2402124533676668,0.09988997600600147,0.16993379878937057,0.5100362281630388,-2.220446049250313e-16
phase2_phase3_reanalysis_v002,exploratory_reanalysis,pending_user_review,HCR,XZY,Inflammatory_Response,patient_balanced_mean,1,1039,0.4507547447641354,0.3817727657359991,0.9088647572057588,0.19273014165573588,0.4798947751775893,0.0689819790281363,0.010449698271644992,0.8260351468906829,8.01298595342498e-07,0.20447679747428474,0.621557548117803,0.826035146890683,-1.1102230246251565e-16
phase2_phase3_reanalysis_v002,exploratory_reanalysis,pending_user_review,HCR,XZY,Interferon_Alpha,patient_balanced_mean,1,1039,0.21970654106967302,0.06375589413127342,1.1211513034712342,-2.545691854039656,0.17674204255468476,0.1559506469383996,2.593962818228456,1.2569802452752472,0.8810283445159097,0.07195113610289229,0.3040007646564454,1.2569802452752474,-2.220446049250313e-16
phase2_phase3_reanalysis_v002,exploratory_reanalysis,pending_user_review,HCR,XZY,MYC_Targets,patient_balanced_mean,1,1039,0.7736181982686317,0.6855723575225493,0.40472203695656417,0.3974481111978475,0.5808540187468625,0.08804584074608235,0.2010370054945564,0.1637999271982705,0.053100886547713236,0.006188253670094722,0.10451078698046247,0.1637999271982704,8.326672684688674e-17
phase2_phase3_reanalysis_v002,exploratory_reanalysis,pending_user_review,HCR,XZY,Mitotic_Spindle,patient_balanced_mean,1,1039,0.6371807206676247,0.43245732100613005,0.9500155678183726,-0.04260348343748799,0.5983355451315974,0.2047233996614946,0.4486027542280015,0.9025295790972648,0.3881686791305801,0.1227688182158063,0.3915920817508787,0.9025295790972651,-2.220446049250313e-16
phase2_phase3_reanalysis_v002,exploratory_reanalysis,pending_user_review,HCR,XZY,Oxidative_Phosphorylation,patient_balanced_mean,1,1039,0.7861679995737321,0.7549472792129486,0.3944574235568539,0.6139640309814474,0.6155124339295702,0.031220720360783494,0.004096092572316246,0.15559665899911124,0.0012933121690572257,0.0239222291515917,0.1303811176784623,0.15559665899911124,0.0
phase2_phase3_reanalysis_v002,exploratory_reanalysis,pending_user_review,HCR,XZY,P53_Pathway,patient_balanced_mean,1,1039,0.5585198045310633,0.3029031150835401,0.8608993830330463,-0.31493478660849084,0.322373765947094,0.2556166894475232,0.626879158661908,0.7411477477066797,0.3520870808203328,0.13450191108541526,0.2545587558009317,0.7411477477066797,0.0
phase2_phase3_reanalysis_v002,exploratory_reanalysis,pending_user_review,HCR,XZY,Reactive_Oxygen_Species,patient_balanced_mean,1,1039,0.2768662556182423,0.14565106692825192,0.9078524008763024,-0.5449545706729302,0.16847870789327393,0.13121518868999038,0.621609494172996,0.8241959817768664,0.3105318501046514,0.14667138366346322,0.3669927480087518,0.8241959817768665,-1.1102230246251565e-16
phase2_phase3_reanalysis_v002,exploratory_reanalysis,pending_user_review,HCR,XZY,TNF_Signaling,patient_balanced_mean,1,1039,0.30350136406710077,0.2059190824339106,0.7542456815142221,-0.2652762578449732,0.27213631681453115,0.09758228163319016,0.3573893358355641,0.5688865480828533,0.1354251364646527,0.09491585186555768,0.3385455597526432,0.5688865480828535,-2.220446049250313e-16
phase2_phase3_reanalysis_v002,exploratory_reanalysis,pending_user_review,HCR,XZY,Unfolded_Protein_Response,patient_balanced_mean,1,1039,0.5951850752019379,0.40184860896185587,0.6668151466616679,0.0695464383502149,0.44036993663315654,0.193336466240082,0.2846988353929215,0.44464243981742163,0.13370554000962792,0.10776354667358862,0.20317335313420495,0.44464243981742146,1.6653345369377348e-16
phase2_phase3_reanalysis_v002,exploratory_reanalysis,pending_user_review,HCR,XZY,Wound_Healing,patient_balanced_mean,1,1039,0.6349362605883113,0.6076223957571135,0.5118875136686722,0.3339358942868297,0.6439322299591177,0.0273138648311978,0.06920816072303831,0.26202882664989513,0.014858995603698492,0.01386850794042124,0.23330132310577556,0.2620288266498953,-1.6653345369377348e-16
phase2_phase3_reanalysis_v002,exploratory_reanalysis,pending_user_review,HCR,XZY,emt,patient_balanced_mean,1,1039,0.5942015058510431,0.5402118120940793,0.5146514628902369,0.19376803076858018,0.6043676346796844,0.05398969375696383,0.15930739878706707,0.26486612825506084,0.038814145033141574,0.01352730251149626,0.21252468071042294,0.2648661282550608,5.551115123125783e-17
phase2_phase3_reanalysis_v002,exploratory_reanalysis,pending_user_review,HCR,XZY,hypoxia,patient_balanced_mean,1,1039,0.35522059847399706,0.3240004037949459,0.5839407113407803,0.03074982879947219,0.2951742855663366,0.031220194679051183,0.09543184478075245,0.3409867543611765,0.0021905059901808892,0.042142638655427576,0.296653609715568,0.3409867543611764,5.551115123125783e-17
phase2_phase3_reanalysis_v002,exploratory_reanalysis,pending_user_review,HCR,XZY,icp,patient_balanced_mean,1,1039,0.30687236369658694,0.1653936786683857,1.4378570039471554,-0.2889359358244479,0.28437994685692836,0.14147868502820124,0.3831065834251782,2.06743276379989,0.5953323536960106,0.54671197341009,0.9253884366937896,2.06743276379989,0.0
phase2_phase3_reanalysis_v002,exploratory_reanalysis,pending_user_review,HCR,XZY,ifng,patient_balanced_mean,1,1039,0.15461406047152246,0.1051249558817596,0.8164268944560061,-0.3668252144005346,0.1457179985030241,0.049489104589762856,0.3907307220960262,0.6665528739910787,0.12570568445022956,0.11270890003816891,0.4281382895026803,0.6665528739910788,-1.1102230246251565e-16
phase2_phase3_reanalysis_v002,exploratory_reanalysis,pending_user_review,HCR,XZY,mTOR_Signaling,patient_balanced_mean,1,1039,0.6616472542469353,0.5911079995459404,0.5116812048739388,0.391341161225653,0.4669028497747474,0.07053925470099487,0.04643592782685563,0.2618176554212457,0.019970013186841083,0.04829444812277151,0.193553194111633,0.2618176554212456,1.1102230246251565e-16
phase2_phase3_reanalysis_v002,exploratory_reanalysis,pending_user_review,HCR,XZY,mhc,patient_balanced_mean,1,1039,0.49958770793126883,0.42227639874590556,0.3772096529901744,0.22517984016766812,0.32010436218454896,0.07731130918536328,0.024408037748350653,0.14228712230896778,0.003652483637365098,0.03446083534840281,0.10417380332319987,0.14228712230896778,0.0
phase2_phase3_reanalysis_v002,exploratory_reanalysis,pending_user_review,HCR,XZY,tgfb,patient_balanced_mean,1,1039,0.4387953771775897,0.32363223132498087,0.6159297988347745,0.11487367776987345,0.21253554675781472,0.11516314585260884,0.07766770526254976,0.3793695170926458,0.03246655445773412,0.11474130722107276,0.232161655413839,0.3793695170926459,-5.551115123125783e-17
phase2_phase3_reanalysis_v002,exploratory_reanalysis,pending_user_review,HCR,XZY,tls,patient_balanced_mean,1,1039,0.6662091656679094,0.48902323877507714,1.065831642862467,0.3902772481445077,0.47767964405481084,0.1771859268928323,0.053557404275424325,1.1359970909269055,0.0027074010062200274,0.5885746440833645,0.5447150458373201,1.1359970909269046,8.881784197001252e-16
phase2_phase3_reanalysis_v002,exploratory_reanalysis,pending_user_review,HCR,XZY,toxic,patient_balanced_mean,1,1039,0.37456266018826223,0.28083788491433326,1.086647422140801,0.1206239336386854,0.3149726623629947,0.09372477527392897,0.019673252768622196,1.1808026200452477,0.01697771005445695,0.3938695869859982,0.7699553230047922,1.1808026200452475,2.220446049250313e-16
phase2_phase3_reanalysis_v002,exploratory_reanalysis,pending_user_review,CPGCR,internal_val,Angiogenesis,patient_balanced_mean,6,1078,0.7384382332349061,0.7157517384355305,0.6010165897224129,0.5455134290479435,0.6519677578282083,0.022686494799375633,0.018011983213175497,0.3710254370283141,0.009934800074312798,0.03547598574279028,0.32561465121121075,0.37102543702831375,3.515706244646329e-16
phase2_phase3_reanalysis_v002,exploratory_reanalysis,pending_user_review,CPGCR,internal_val,Apoptosis,patient_balanced_mean,6,1078,0.5045562451885179,0.44696892077065753,0.5983503779283191,0.2079766351609962,0.42134837583820245,0.05758732441786046,0.06849559332643153,0.36153199217292875,0.003916612414637542,0.07018735690725109,0.2874280228510399,0.36153199217292853,1.8503717077085943e-16
phase2_phase3_reanalysis_v002,exploratory_reanalysis,pending_user_review,CPGCR,internal_val,Coagulation,patient_balanced_mean,6,1078,0.6808141066698142,0.6368517557919314,0.6768779156222345,0.4635665440087538,0.6551947011733162,0.043962350877882826,0.013026142268772476,0.47202971790261067,0.012193275039265336,0.07871906523468815,0.3811173776286571,0.47202971790261056,5.088522196198634e-17
phase2_phase3_reanalysis_v002,exploratory_reanalysis,pending_user_review,CPGCR,internal_val,Complement,patient_balanced_mean,6,1078,0.7198884495931778,0.6768755460111758,0.6407007869337268,0.516284094149289,0.681521365127575,0.04301290358200205,0.011864267395597344,0.42594173336417995,0.011384604313011465,0.062100508581049645,0.35245662047011916,0.42594173336418023,-2.498001805406602e-16
phase2_phase3_reanalysis_v002,exploratory_reanalysis,pending_user_review,CPGCR,internal_val,DNA_Damage_Response,patient_balanced_mean,6,1078,0.5430312599687451,0.4822755049199283,0.6745026021780118,0.3233487677190154,0.5079452547175236,0.06075575504881678,0.02108846032344335,0.4596391569205795,0.0038663861217332995,0.11450014959624007,0.3412726212026059,0.4596391569205793,1.7578531223231644e-16
phase2_phase3_reanalysis_v002,exploratory_reanalysis,pending_user_review,CPGCR,internal_val,E2F_Targets,patient_balanced_mean,6,1078,0.725892027622927,0.6968520308327221,0.566908830223846,0.5236380445426981,0.7075202521539191,0.029039996790204876,0.010541240580359703,0.3274403159474472,0.006516284342055184,0.03693185641266237,0.28399217519272985,0.32744031594744744,-2.0354088784794536e-16
phase2_phase3_reanalysis_v002,exploratory_reanalysis,pending_user_review,CPGCR,internal_val,ECM_Organization,patient_balanced_mean,6,1078,0.8605443435126249,0.8486746850318158,0.4061553442084278,0.7377011046749765,0.8076155172135847,0.011869658480809139,0.007136164224967545,0.1758767532928015,0.0035955921373912424,0.013151668506555372,0.15912949264885481,0.17587675329280142,8.557969148152249e-17
phase2_phase3_reanalysis_v002,exploratory_reanalysis,pending_user_review,CPGCR,internal_val,Fibrosis,patient_balanced_mean,6,1078,0.8387837400751711,0.8237858842675809,0.46457272366087426,0.7018251114794514,0.8042276192081524,0.014997855807590221,0.006446421612521088,0.23013409462987774,0.0027119687285676107,0.01976980514137145,0.20765232075993878,0.23013409462987788,-1.295260195396016e-16
phase2_phase3_reanalysis_v002,exploratory_reanalysis,pending_user_review,CPGCR,internal_val,G2M_Checkpoint,patient_balanced_mean,6,1078,0.6977330277682339,0.6647230377601999,0.5896116217841754,0.4815273172461114,0.6426333435301032,0.03300999000803393,0.0179537548483078,0.358263094747816,0.0057473549170776565,0.03998799660947334,0.3125277432212652,0.3582630947478162,-2.0354088784794536e-16
phase2_phase3_reanalysis_v002,exploratory_reanalysis,pending_user_review,CPGCR,internal_val,Glycolysis,patient_balanced_mean,6,1078,0.7260505633299249,0.6963306085868496,0.5283682984295626,0.502698106764249,0.6911238623252504,0.029719954743075188,0.03360497134297471,0.2809036699820964,0.003316029756282713,0.03883669793478481,0.23875094229102886,0.2809036699820963,4.625929269271486e-17
phase2_phase3_reanalysis_v002,exploratory_reanalysis,pending_user_review,CPGCR,internal_val,IL6_JAK_STAT3,patient_balanced_mean,6,1078,0.683491877457271,0.6484547440750635,0.5088061621165229,0.4067605941570216,0.6188805643700933,0.03503713338220751,0.07571907260566656,0.2615569781429728,0.004708451419021508,0.03361161655804888,0.22323691016590239,0.2615569781429728,5.088522196198634e-17
phase2_phase3_reanalysis_v002,exploratory_reanalysis,pending_user_review,CPGCR,internal_val,Inflammatory_Response,patient_balanced_mean,6,1078,0.646988387428084,0.6150790748899971,0.6188455937251514,0.429962887063639,0.6016047347085063,0.03190931253808675,0.03412170176339551,0.39111437755214246,0.004878152871961112,0.06040451716561315,0.32583170751456797,0.3911143775521422,2.868076146948321e-16
phase2_phase3_reanalysis_v002,exploratory_reanalysis,pending_user_review,CPGCR,internal_val,Interferon_Alpha,patient_balanced_mean,6,1078,0.5791941733876481,0.5468704106543419,0.553948704348168,0.2757652086859807,0.5030724253959692,0.03232376273330612,0.08014839260224534,0.31199914845415405,0.008304152469473311,0.036530317918903384,0.26716467806577754,0.3119991484541543,-1.7578531223231644e-16
phase2_phase3_reanalysis_v002,exploratory_reanalysis,pending_user_review,CPGCR,internal_val,MYC_Targets,patient_balanced_mean,6,1078,0.8147886668580231,0.8024520278697359,0.42387612829814564,0.6230701101084994,0.7581504397193181,0.012336638988287277,0.04830360887397365,0.18342695366561748,0.0030430103347053278,0.012603752613823257,0.16778019071708883,0.18342695366561737,1.1796119636642288e-16
phase2_phase3_reanalysis_v002,exploratory_reanalysis,pending_user_review,CPGCR,internal_val,Mitotic_Spindle,patient_balanced_mean,6,1078,0.6706395171414622,0.6349204776153768,0.6106297419508979,0.4548218350213984,0.6392929806594632,0.03571903952608533,0.011657913751314974,0.3812018281801719,0.0030968267984771403,0.05197312919529238,0.32613187218640244,0.38120182818017195,-6.938893903907228e-17
phase2_phase3_reanalysis_v002,exploratory_reanalysis,pending_user_review,CPGCR,internal_val,Oxidative_Phosphorylation,patient_balanced_mean,6,1078,0.8229095453628449,0.8085792361493662,0.42700334130806855,0.6708788507648739,0.769427096536292,0.014330309213478665,0.007655671549222716,0.18475663787169502,0.0017511933272116038,0.015844479229747205,0.16716096531473604,0.18475663787169486,1.5728159515523052e-16
phase2_phase3_reanalysis_v002,exploratory_reanalysis,pending_user_review,CPGCR,internal_val,P53_Pathway,patient_balanced_mean,6,1078,0.5900120746684688,0.5410999946741798,0.6244857175191837,0.30754060210992473,0.5368604469147825,0.04891207999428906,0.046275177977670424,0.3954458093765359,0.01120898147671521,0.06137524684507073,0.32286158105474994,0.3954458093765359,4.625929269271486e-17
phase2_phase3_reanalysis_v002,exploratory_reanalysis,pending_user_review,CPGCR,internal_val,Reactive_Oxygen_Species,patient_balanced_mean,6,1078,0.46684006587270305,0.3961016634447978,0.7371192325689688,0.20629803651843626,0.4351267703663195,0.07073840242790533,0.024376467199929724,0.5504175357868385,0.0056108230055231635,0.14430300616847955,0.40050370661283585,0.5504175357868386,-1.3877787807814457e-16
phase2_phase3_reanalysis_v002,exploratory_reanalysis,pending_user_review,CPGCR,internal_val,TNF_Signaling,patient_balanced_mean,6,1078,0.6224717079796847,0.5845606060492496,0.5689440804055387,0.3707491819526627,0.6026034519841889,0.037911101930435,0.031846702590301326,0.3274607766302849,0.0057524639091755736,0.044362474118286775,0.2773458386028225,0.3274607766302849,-1.850371707708594e-17
phase2_phase3_reanalysis_v002,exploratory_reanalysis,pending_user_review,CPGCR,internal_val,Unfolded_Protein_Response,patient_balanced_mean,6,1078,0.6028801353126038,0.5532889510664384,0.5681684538702013,0.2938447940169849,0.5394253449455583,0.04959118424616523,0.08542563077069187,0.32811247727566173,0.007557363978040647,0.058175269076008534,0.26237984422161237,0.32811247727566156,1.2027416100105862e-16
phase2_phase3_reanalysis_v002,exploratory_reanalysis,pending_user_review,CPGCR,internal_val,Wound_Healing,patient_balanced_mean,6,1078,0.8013263791415262,0.7842097278351302,0.48835144273874337,0.6426172954582275,0.7687363736574188,0.01711665130639602,0.0071578489444480324,0.24431591265379407,0.004103402712211604,0.018755693745820725,0.22145681619576152,0.24431591265379382,2.868076146948321e-16
phase2_phase3_reanalysis_v002,exploratory_reanalysis,pending_user_review,CPGCR,internal_val,emt,patient_balanced_mean,6,1078,0.7090681792938783,0.6848549254095961,0.592447237735454,0.5007699547885179,0.6727036340782925,0.024213253884282065,0.011532111251970067,0.35510963710213,0.003723246426374559,0.03599656269631883,0.31538982797943654,0.3551096371021299,5.551115123125783e-17
phase2_phase3_reanalysis_v002,exploratory_reanalysis,pending_user_review,CPGCR,internal_val,hypoxia,patient_balanced_mean,6,1078,0.6567937447264468,0.6094918723489066,0.6179299057804636,0.41885249449822454,0.6013548362283435,0.047301872377540154,0.019036145982958663,0.399866180824422,0.004883627464345303,0.07674046058702015,0.31824209277305626,0.39986618082442177,1.5265566588595902e-16
phase2_phase3_reanalysis_v002,exploratory_reanalysis,pending_user_review,CPGCR,internal_val,icp,patient_balanced_mean,6,1078,0.45635760143323295,0.38822961803985034,0.8924641260595331,0.2047735511482833,0.4824851801468548,0.06812798339338266,0.02488513480227821,0.8501601630615511,0.009645586447588988,0.20860865405846926,0.6319059225554929,0.8501601630615511,-1.850371707708594e-17
phase2_phase3_reanalysis_v002,exploratory_reanalysis,pending_user_review,CPGCR,internal_val,ifng,patient_balanced_mean,6,1078,0.43492213505211313,0.3806255406948597,0.7422305842034983,0.18478860348320303,0.39028095373464206,0.05429659435725353,0.04600989568943461,0.553864336226061,0.0023924995309680406,0.12737671209217058,0.42409512460292254,0.5538643362260611,-9.251858538542972e-17
phase2_phase3_reanalysis_v002,exploratory_reanalysis,pending_user_review,CPGCR,internal_val,mTOR_Signaling,patient_balanced_mean,6,1078,0.6831972422910854,0.6453974560446779,0.565455836347179,0.46349639563748496,0.6507770669079836,0.03779978624640753,0.00885270773716118,0.32212291580217345,0.0027661112661994326,0.047597375581934546,0.27175942895403943,0.3221229158021734,-9.25185853854297e-18
phase2_phase3_reanalysis_v002,exploratory_reanalysis,pending_user_review,CPGCR,internal_val,mhc,patient_balanced_mean,6,1078,0.430539021369577,0.3612585062498174,0.5907684105011275,-6.618113268505536,0.296344024595994,0.06928051511975959,6.83995462101402,0.45139503239268614,0.0024260189262278425,0.12189093720541172,0.3270780762610466,0.45139503239268625,-1.1564823173178713e-18
phase2_phase3_reanalysis_v002,exploratory_reanalysis,pending_user_review,CPGCR,internal_val,tgfb,patient_balanced_mean,6,1078,0.4964328269930025,0.4305157632042616,0.6574170841257261,0.27299994290210666,0.4831195069222897,0.06591706378874089,0.02446101214199474,0.4368751467271435,0.00413347232739834,0.1202675179850594,0.31247415641468584,0.43687514672714345,-9.25185853854297e-18
phase2_phase3_reanalysis_v002,exploratory_reanalysis,pending_user_review,CPGCR,internal_val,tls,patient_balanced_mean,6,1078,0.7340514331363965,0.6963133392509407,0.5410073268685811,0.5406505522635544,0.7300495016075924,0.03773809388545577,0.010788896351592156,0.30867664825416613,0.004681760872415593,0.056572026372251775,0.2474228610094988,0.30867664825416613,3.700743415417188e-17
phase2_phase3_reanalysis_v002,exploratory_reanalysis,pending_user_review,CPGCR,internal_val,toxic,patient_balanced_mean,6,1078,0.5699421265813337,0.5068759676815862,0.759401458833168,0.3162964360724377,0.5974627572936203,0.06306615889974758,0.02331955214983963,0.6647388890370317,0.010709758692227343,0.18985886504794036,0.4641702652968638,0.6647388890370315,1.942890293094024e-16
phase2_phase3_reanalysis_v002,exploratory_reanalysis,pending_user_review,CPGCR,XZY,Angiogenesis,patient_balanced_mean,1,1039,0.6379964083833894,0.5099617042769237,0.8754930102496186,0.2673421028717462,0.48867172705567774,0.12803470410646578,0.13969731423835846,0.7664880109959388,0.14443472302305524,0.1694605775122812,0.4525927104606021,0.7664880109959386,2.220446049250313e-16
phase2_phase3_reanalysis_v002,exploratory_reanalysis,pending_user_review,CPGCR,XZY,Apoptosis,patient_balanced_mean,1,1039,0.4281052665055365,0.3341866284897233,0.6237694747937654,0.08822632373783978,0.30545821669859896,0.09391863801581318,0.09504779547193665,0.38908835768448996,0.03573041167672681,0.09247221951483965,0.2608857264929236,0.38908835768449,-5.551115123125783e-17
phase2_phase3_reanalysis_v002,exploratory_reanalysis,pending_user_review,CPGCR,XZY,Coagulation,patient_balanced_mean,1,1039,0.43205237445079453,0.3961612221547233,0.7157926269208698,0.11904294988816444,0.4200611136764452,0.035891152296071205,0.06762630438040512,0.5123590847542794,0.006714775742893258,0.063771480952506,0.4418728280588803,0.5123590847542795,-1.1102230246251565e-16
phase2_phase3_reanalysis_v002,exploratory_reanalysis,pending_user_review,CPGCR,XZY,Complement,patient_balanced_mean,1,1039,0.3631296826484457,0.17969066002354325,1.3321445280015278,-1.6644096690985797,0.37717488384314535,0.18343902262490244,1.7962728355189406,1.7746090434844135,1.067153144686907,0.025682902120707445,0.681772996676799,1.7746090434844133,2.220446049250313e-16
phase2_phase3_reanalysis_v002,exploratory_reanalysis,pending_user_review,CPGCR,XZY,DNA_Damage_Response,patient_balanced_mean,1,1039,0.511122450933992,0.3551393431011073,0.8610198557140701,-0.11614275179961608,0.44935445589976675,0.15598310783288472,0.37738891164838717,0.7413551919338781,0.24526372944144412,0.10557947051710286,0.3905119919753313,0.7413551919338783,-2.220446049250313e-16
phase2_phase3_reanalysis_v002,exploratory_reanalysis,pending_user_review,CPGCR,XZY,E2F_Targets,patient_balanced_mean,1,1039,0.6301931271572607,0.480092167091853,0.7243252309430006,0.016933078543140745,0.5460495863630547,0.15010096006540774,0.38021029897310665,0.5246470401806312,0.1985847198433144,0.041768903844520984,0.2842934164927958,0.5246470401806312,0.0
phase2_phase3_reanalysis_v002,exploratory_reanalysis,pending_user_review,CPGCR,XZY,ECM_Organization,patient_balanced_mean,1,1039,0.7352060093363542,0.7146093609584416,0.4441904924492531,0.5195188610906859,0.7461218888429078,0.02059664837791253,0.021009015073601423,0.19730519358231,0.005797791331653117,0.013570276610223224,0.17793712564043362,0.19730519358230997,2.7755575615628914e-17
phase2_phase3_reanalysis_v002,exploratory_reanalysis,pending_user_review,CPGCR,XZY,Fibrosis,patient_balanced_mean,1,1039,0.7202696948452175,0.7036119590921718,0.48521838336742995,0.5114483775809584,0.7352343849966897,0.016657735753045744,0.0073400557314643455,0.2354368795577022,6.811707664629525e-05,0.018302961005965047,0.2170658014750906,0.23543687955770196,2.498001805406602e-16
phase2_phase3_reanalysis_v002,exploratory_reanalysis,pending_user_review,CPGCR,XZY,G2M_Checkpoint,patient_balanced_mean,1,1039,0.6730528818834605,0.42828284951196316,1.0015887353116841,-0.15674623077105032,0.6355373214744998,0.2447700323714973,0.6097464125826817,1.0031799947032587,0.5280529334260696,0.1100734479810721,0.36505361329611713,1.003179994703259,-2.220446049250313e-16
phase2_phase3_reanalysis_v002,exploratory_reanalysis,pending_user_review,CPGCR,XZY,Glycolysis,patient_balanced_mean,1,1039,0.6033866460965068,0.34499941235904724,0.7263385335974849,-0.5066337271775281,0.36477703062124495,0.2583872337374596,0.8707091718651192,0.5275676653885447,0.30386131770720926,0.04105348890818448,0.182652858773151,0.5275676653885447,0.0
phase2_phase3_reanalysis_v002,exploratory_reanalysis,pending_user_review,CPGCR,XZY,IL6_JAK_STAT3,patient_balanced_mean,1,1039,0.5557717354128574,0.2970219435691695,0.7093796321720575,-0.2962885071028212,0.33653735956222225,0.2587497918436879,0.6051707289866404,0.5032194625405636,0.23338531232221418,0.09988698382840534,0.16994716638994437,0.5032194625405639,-3.3306690738754696e-16
phase2_phase3_reanalysis_v002,exploratory_reanalysis,pending_user_review,CPGCR,XZY,Inflammatory_Response,patient_balanced_mean,1,1039,0.4500202454356849,0.38306921744300826,0.9099882462798826,0.1907331021070423,0.47975281282109766,0.06695102799267666,0.011785119194951788,0.8280786083675363,6.119260398990814e-05,0.19963064929325045,0.628386766470296,0.8280786083675363,0.0
phase2_phase3_reanalysis_v002,exploratory_reanalysis,pending_user_review,CPGCR,XZY,Interferon_Alpha,patient_balanced_mean,1,1039,0.21467767585471112,0.06376838666874911,1.1046502665524665,-2.442089358268077,0.17910480799722345,0.15090928918596203,2.4881758627784576,1.2202522113944354,0.8431548158684823,0.07305594937124094,0.30404144615471246,1.2202522113944356,-2.220446049250313e-16
phase2_phase3_reanalysis_v002,exploratory_reanalysis,pending_user_review,CPGCR,XZY,MYC_Targets,patient_balanced_mean,1,1039,0.7732864008119109,0.6819749993003535,0.4056026260429988,0.3948232091374684,0.5834322365923728,0.09131140151155737,0.20314864854317094,0.16451349025297674,0.05404683478081337,0.007036802565304044,0.10342985290685947,0.16451349025297687,-1.3877787807814457e-16
phase2_phase3_reanalysis_v002,exploratory_reanalysis,pending_user_review,CPGCR,XZY,Mitotic_Spindle,patient_balanced_mean,1,1039,0.6345223602927819,0.42818418539846,0.9563297123594298,-0.056508573634672876,0.5996112056647142,0.20633817489432188,0.4591271993461957,0.9145665187414697,0.3973364215671611,0.12276948955230929,0.3944606076219996,0.91456651874147,-3.3306690738754696e-16
phase2_phase3_reanalysis_v002,exploratory_reanalysis,pending_user_review,CPGCR,XZY,Oxidative_Phosphorylation,patient_balanced_mean,1,1039,0.7820776602628036,0.7467250237996377,0.39952502741117274,0.6039814908251633,0.6173652090481021,0.03535263646316589,0.007663975856977867,0.15962024752789833,0.002577605759192972,0.025910765700073238,0.13113187606863216,0.15962024752789838,-5.551115123125783e-17
phase2_phase3_reanalysis_v002,exploratory_reanalysis,pending_user_review,CPGCR,XZY,P53_Pathway,patient_balanced_mean,1,1039,0.5555036582947696,0.3112664680601321,0.8521852241690925,-0.2884495591225993,0.3245690951940569,0.24423719023463747,0.5970338735014713,0.7262196562921264,0.335956111988799,0.12764198398271695,0.26262156032061046,0.7262196562921264,0.0
phase2_phase3_reanalysis_v002,exploratory_reanalysis,pending_user_review,CPGCR,XZY,Reactive_Oxygen_Species,patient_balanced_mean,1,1039,0.2670602416995867,0.13921134463791082,0.9106187265827375,-0.5543842069900131,0.1592858616234528,0.12784889706167588,0.6257053796866547,0.8292264652031665,0.311686986763137,0.14948653864442085,0.3680529397956087,0.8292264652031666,-1.1102230246251565e-16
phase2_phase3_reanalysis_v002,exploratory_reanalysis,pending_user_review,CPGCR,XZY,TNF_Signaling,patient_balanced_mean,1,1039,0.29689419688792734,0.20139472659360175,0.7629175891119878,-0.2945384364111585,0.26937829496244936,0.0954994702943256,0.38268460055688586,0.5820432477764479,0.14330419951521942,0.0911307385655629,0.34760830969566564,0.5820432477764479,0.0
phase2_phase3_reanalysis_v002,exploratory_reanalysis,pending_user_review,CPGCR,XZY,Unfolded_Protein_Response,patient_balanced_mean,1,1039,0.5894664294390294,0.39408786990586003,0.6736685813394692,0.05032200204382287,0.4373623332110817,0.19537855953316935,0.29714866939177537,0.453829357483933,0.13994785576085336,0.10830872292040009,0.20557277880267977,0.4538293574839332,-2.220446049250313e-16
phase2_phase3_reanalysis_v002,exploratory_reanalysis,pending_user_review,CPGCR,XZY,Wound_Healing,patient_balanced_mean,1,1039,0.6344912154899494,0.6114976276699249,0.5082442416931654,0.34338334898177236,0.6435557713384324,0.022993587820024475,0.05919575355214096,0.2583122092142607,0.010549124258677897,0.013546178463609853,0.234216906491973,0.25831220921426074,-5.551115123125783e-17
phase2_phase3_reanalysis_v002,exploratory_reanalysis,pending_user_review,CPGCR,XZY,emt,patient_balanced_mean,1,1039,0.5871946358110773,0.5318578003357807,0.5250880542397866,0.16073740351274446,0.5975183388104048,0.055336835475296664,0.18406013681255928,0.275717464705325,0.04387982979827357,0.011623459960281775,0.22021417494676965,0.275717464705325,0.0
phase2_phase3_reanalysis_v002,exploratory_reanalysis,pending_user_review,CPGCR,XZY,hypoxia,patient_balanced_mean,1,1039,0.35614842797183066,0.32310794621653516,0.5849214792626168,0.027491252152468726,0.2956557956888977,0.0330404817552955,0.09935045059433753,0.34213313690276786,0.00421750324157413,0.042673666074359975,0.2952419675868339,0.34213313690276803,-1.6653345369377348e-16
phase2_phase3_reanalysis_v002,exploratory_reanalysis,pending_user_review,CPGCR,XZY,icp,patient_balanced_mean,1,1039,0.31305036632395516,0.16850447088591403,1.4377269251449263,-0.2887027336934773,0.2932872956903956,0.14454589543804114,0.38670326554903983,2.0670587112866845,0.6028942724277241,0.5449538847720078,0.9192105540869527,2.0670587112866845,0.0
phase2_phase3_reanalysis_v002,exploratory_reanalysis,pending_user_review,CPGCR,XZY,ifng,patient_balanced_mean,1,1039,0.18270118217359788,0.12516071510827956,0.7970295476376775,-0.3026484300032941,0.1746465330971609,0.05754046706531832,0.3360281519709243,0.635256099807521,0.11161875970112849,0.1170740932219067,0.4065632468844858,0.635256099807521,0.0
phase2_phase3_reanalysis_v002,exploratory_reanalysis,pending_user_review,CPGCR,XZY,mTOR_Signaling,patient_balanced_mean,1,1039,0.6593114769853379,0.5892024415491054,0.5127727138282435,0.38874163181973675,0.46494285129825635,0.07010903543623248,0.045949991864850936,0.26293585604678177,0.01975229885299982,0.048309796733409696,0.1948737604603722,0.2629358560467817,5.551115123125783e-17
phase2_phase3_reanalysis_v002,exploratory_reanalysis,pending_user_review,CPGCR,XZY,mhc,patient_balanced_mean,1,1039,0.49899269816078096,0.41839811489046996,0.3773424326160495,0.22463426325936353,0.30478568496696123,0.080594583270311,0.02435944955841271,0.14238731145259784,0.003813937510005508,0.035727927370430644,0.10284544657216163,0.14238731145259778,5.551115123125783e-17
phase2_phase3_reanalysis_v002,exploratory_reanalysis,pending_user_review,CPGCR,XZY,tgfb,patient_balanced_mean,1,1039,0.43497908016938086,0.3314603991064229,0.6088947561576376,0.13497772265418928,0.21129615515140726,0.10351868106295797,0.05422907753081138,0.37075282407626886,0.02180074445978817,0.11017912348172491,0.23877295613475574,0.37075282407626886,0.0
phase2_phase3_reanalysis_v002,exploratory_reanalysis,pending_user_review,CPGCR,XZY,tls,patient_balanced_mean,1,1039,0.6718067114296822,0.501909768393782,1.0564121919496081,0.4010066632957052,0.4814466858172677,0.1698969430359002,0.05031759422625903,1.1160067192997756,0.0014450564080696906,0.5651855267953981,0.5493761360963076,1.1160067192997754,2.220446049250313e-16
phase2_phase3_reanalysis_v002,exploratory_reanalysis,pending_user_review,CPGCR,XZY,toxic,patient_balanced_mean,1,1039,0.37700650283484166,0.283741991353282,1.086649460730807,0.12062063415275115,0.31577278271378,0.09326451148155968,0.021513269027006315,1.1808070505065538,0.019185062860686636,0.38864292363077363,0.7729790640150933,1.1808070505065535,2.220446049250313e-16
