pathway,prediction_decile,n_patches,mean_true,mean_prediction,mean_residual_pred_minus_true,mae
tls,1,104,-4543.998238192311,-4997.372502287994,-453.374264095684,868.3906923829286
tls,2,104,-4684.298873196351,-4685.549201139825,-1.2503279434733328,800.1674494900915
tls,3,104,-4386.358049503958,-4503.994449119549,-117.63639961559186,1004.9073362980752
tls,4,104,-4399.676726434063,-4345.867538311733,53.809188122329786,978.8019868832324
tls,5,104,-4244.689183897697,-4192.394444460024,52.29473943767269,1097.001704339545
tls,6,103,-4289.776482744668,-4042.225144927685,247.55133781698362,997.7680699100114
tls,7,104,-3962.201407770023,-3876.3486815140964,85.85272625592587,1315.2047600752364
tls,8,104,-4146.213529037254,-3633.0738271928644,513.1397018443905,1193.87213282213
tls,9,104,-3285.5174543929725,-3187.309731427682,98.20772296529012,1013.2116608361847
tls,10,104,478.7471899479946,-1565.3599186506103,-2044.107108598605,2511.2063869586655
tgfb,1,104,4347.11107712041,4213.782325252588,-133.32875186782252,1259.9546279385754
tgfb,2,104,5689.017394104808,4891.439323218369,-797.5780708864387,1185.2385813560238
tgfb,3,104,5733.998781112929,5117.355693881982,-616.6430872309462,1047.997837167232
tgfb,4,104,5794.619119548365,5259.1920553324435,-535.427064215922,896.3165485316841
tgfb,5,104,5870.778794798174,5386.211005189753,-484.5677896084211,857.800856019851
tgfb,6,103,5908.047612419108,5484.47668240452,-423.5709300145892,719.256204852395
tgfb,7,104,5872.882280482407,5570.657058586147,-302.2252218962582,718.9726535069923
tgfb,8,104,5856.062109014486,5674.421385646426,-181.64072336805992,665.3098582302835
tgfb,9,104,5862.025167037102,5807.047029664337,-54.9781373727647,641.71195275813
tgfb,10,104,6200.244304461727,6077.901812425318,-122.34249203640965,481.3543762338461
emt,1,104,1953.4247839718978,2036.4994742172971,83.07469024539945,925.0788508018657
emt,2,104,2416.869463940422,2642.9992844193166,226.12982047889454,976.9843991896876
emt,3,104,2895.84608685493,3117.855510287972,222.00942343304104,872.7969599989837
emt,4,104,3061.2365156990954,3449.754200158088,388.51768445899256,889.9643323266653
emt,5,104,3088.5590434297746,3706.6753056140465,618.1162621842719,949.8266187206347
emt,6,103,3544.117307818543,3946.593426794002,402.47611897545977,758.4089008132769
emt,7,104,3716.8061555174813,4186.305266126911,469.4991106094298,707.951465751664
emt,8,104,3919.758951348289,4449.023177616334,529.2642262680454,751.9748163499764
emt,9,104,4113.059624419781,4761.189670472637,648.1300460528546,786.9640394151874
emt,10,104,4378.750774193969,5388.290751311211,1009.5399771172426,1077.5238234264423
hypoxia,1,104,2755.3495754831943,2043.552035540106,-711.7975399430882,1914.8126145769977
hypoxia,2,104,3795.0089769616698,3234.525644403271,-560.4833325583985,1177.9788136274333
hypoxia,3,104,3872.727829440974,3586.346938958013,-286.3808904829608,974.6723714062656
hypoxia,4,104,3905.2239182456888,3827.959597840602,-77.2643204050872,1028.3297891644602
hypoxia,5,104,4322.137860830707,4037.17395134647,-284.9639094842371,914.6654449335674
hypoxia,6,103,4146.107271761197,4260.500307998987,114.3930362377887,1193.6843899433813
hypoxia,7,104,4272.902903228749,4478.042765420924,205.13986219217546,1032.38693876853
hypoxia,8,104,4314.4587956779715,4709.266542786844,394.80774710887323,1018.3759747724015
hypoxia,9,104,4537.83394283804,5007.175907480632,469.3419646425931,1070.5613171918558
hypoxia,10,104,4873.019235559554,5572.055187232239,699.035951672685,1113.1529734349149
mhc,1,104,7727.3300123923045,7773.540092410728,46.21008001842426,1623.156853076078
mhc,2,104,8867.652521231914,8640.76450832574,-226.8880129061776,510.37770977817115
mhc,3,104,8963.628969315141,8886.48076549387,-77.14820382127101,215.36528454382986
mhc,4,104,9028.603709129808,9012.363717552867,-16.239991576940017,40.98442371108398
mhc,5,104,9028.074827837136,9117.94481881428,89.86999097714427,89.86999097714427
mhc,6,103,9036.843049937608,9208.429730915244,171.58668097763496,171.58668097763496
mhc,7,104,9040.960153454384,9281.646431891531,240.68627843714603,240.68627843714603
mhc,8,104,9031.25769726222,9365.674632368922,334.41693510670405,334.41693510670405
mhc,9,104,9038.104224857792,9463.930314380072,425.82608952227906,425.82608952227906
mhc,10,104,9043.392982080813,9644.293114317754,600.9001322369415,600.9001322369415
icp,1,104,-3771.7835007902668,-5267.009729519238,-1495.2262287289705,1809.6094570891412
icp,2,104,-3628.4040988052298,-4886.26651404658,-1257.8624152413508,1627.9902176237842
icp,3,104,-3346.227449289781,-4695.043346850477,-1348.8158975606962,1800.6043363270667
icp,4,104,-3458.8650269117493,-4531.093155757577,-1072.2281288458269,1466.5267947039408
icp,5,104,-3066.529589286881,-4368.386505305965,-1301.8569160190843,1616.2557839668166
icp,6,103,-2888.5373115077027,-4205.842420524769,-1317.3051090170668,1832.9699296502486
icp,7,104,-3078.3937922589776,-4030.45212452044,-952.0583322614626,1593.150385755797
icp,8,104,-2305.483503293136,-3799.6898386783027,-1494.2063353851668,1899.866834948932
icp,9,104,-2204.8099203943334,-3470.0517320785866,-1265.2418116842528,1889.8349474272914
icp,10,104,-1885.9900279552505,-2338.068696449795,-452.0786684945443,1729.3689229934641
ifng,1,104,-355.974590992236,-2226.5009983835134,-1870.5264073912779,2159.1917446009056
ifng,2,104,420.80692903509896,-1454.5095277555147,-1875.3164567906135,2110.411327209141
ifng,3,104,566.5898425545383,-1124.8724164159432,-1691.4622589704816,2014.058726793441
ifng,4,104,686.7944595498478,-839.4562088894397,-1526.2506684392877,1896.7800816200117
ifng,5,104,891.0028840976909,-575.237008699635,-1466.2398927973259,1933.1679336902962
ifng,6,103,823.3979753336623,-318.0563442412274,-1141.4543195748897,1699.5239419186116
ifng,7,104,548.3968833925534,-52.31322889473467,-600.7101122872882,1551.3471204295768
ifng,8,104,784.1441594487933,247.6317155112829,-536.5124439375104,1602.9980274835643
ifng,9,104,929.5107333255066,671.0580685895322,-258.45266473597434,1677.3228230917896
ifng,10,104,880.2250882881045,1517.8915490721479,637.6664607840435,1807.39515409907
toxic,1,104,-4004.1464839095092,-4895.188009590559,-891.0415256810488,1387.8452237200413
toxic,2,104,-3822.412246930992,-4400.914372744359,-578.5021258133672,1424.0185217973233
toxic,3,104,-3571.0349359457973,-4168.733241529897,-597.6983055840997,1387.229271495997
toxic,4,104,-3731.7810651809104,-3949.4578919961778,-217.6768268152668,1247.3856402469921
toxic,5,104,-3647.8524269297677,-3758.261638447856,-110.4092115180887,1391.075772168937
toxic,6,103,-3478.3260488871765,-3554.4563160946195,-76.13026720744334,1604.3093950541015
toxic,7,104,-2988.6537342669462,-3321.7736765701898,-333.11994230324393,1911.6318132215192
toxic,8,104,-2783.097181654089,-2983.8735087581,-200.77632710401045,1816.976267460649
toxic,9,104,-2663.8731429772647,-2541.750606330622,122.12253664664324,1897.6433513724135
toxic,10,104,-959.8917254407254,-1161.8342694839714,-201.94254404324627,1880.467227605856
Glycolysis,1,104,2903.8595057170673,2296.573864512694,-607.2856412043736,1269.9143524497608
Glycolysis,2,104,4704.144821730116,3325.557477490092,-1378.5873442400234,1437.3091083401632
Glycolysis,3,104,4918.787737519535,3610.3100737660725,-1308.4776637534624,1317.646366702676
Glycolysis,4,104,4942.283002535509,3770.785767855263,-1171.497234680246,1211.2382409731663
Glycolysis,5,104,4811.626135403807,3900.647226742379,-910.9789086614279,967.0187036501649
Glycolysis,6,103,4986.664388663463,4022.9671522925128,-963.6972363709497,1007.2706490452673
Glycolysis,7,104,4991.309083030749,4150.708911679134,-840.6001713516154,888.1603459708215
Glycolysis,8,104,5041.653967508597,4297.678638501467,-743.9753290071314,797.3111309351975
Glycolysis,9,104,5144.514850450883,4488.575451861303,-655.9393985895811,769.4928849972229
Glycolysis,10,104,5348.187752598017,4910.423221966267,-437.7645306317509,633.0720143353307
Inflammatory_Response,1,104,-1262.936940492578,-1710.0139825739102,-447.0770420813318,1158.4106899078322
Inflammatory_Response,2,104,-1186.570987222128,-1204.5740207448803,-18.003033522752336,1147.460233743393
Inflammatory_Response,3,104,-830.378774134433,-920.7822403748055,-90.40346624037245,996.1895285024949
Inflammatory_Response,4,104,-858.9083348291105,-680.1689197182319,178.73941511087835,1178.3652450847183
Inflammatory_Response,5,104,-496.53633410605096,-436.1183602631266,60.4179738429243,1179.7370672255463
Inflammatory_Response,6,103,-409.8961372692577,-200.9635934958585,208.93254377339926,1466.4592287989694
Inflammatory_Response,7,104,45.90478692677287,82.08228267086369,36.17749574409084,1435.195561997704
Inflammatory_Response,8,104,660.2427222979863,396.4980368900112,-263.74468540797506,1476.1947104885587
Inflammatory_Response,9,104,1407.867977183853,934.8058939534245,-473.0620832304285,1636.531776755282
Inflammatory_Response,10,104,1248.019414618388,2007.3554185028188,759.3360038844311,1813.4956041795267
IL6_JAK_STAT3,1,104,3158.8069488427404,2565.9559425485486,-592.8510062941918,1663.9630771839804
IL6_JAK_STAT3,2,104,4620.507223291727,3453.9751535320006,-1166.5320697597267,1500.2971412357701
IL6_JAK_STAT3,3,104,4894.329514966472,3642.6993206355937,-1251.6301943308779,1433.4968424282415
IL6_JAK_STAT3,4,104,4871.689435550692,3776.963968043564,-1094.7254675071288,1241.4252891420979
IL6_JAK_STAT3,5,104,5000.8411986100045,3875.5383466163094,-1125.3028519936945,1152.108287764157
IL6_JAK_STAT3,6,103,5016.619893849672,3975.712058978605,-1040.9078348710664,1094.2199232676192
IL6_JAK_STAT3,7,104,5001.786874904177,4090.0116336045276,-911.7752412996495,1108.3524845981433
IL6_JAK_STAT3,8,104,5230.227896820516,4210.5767060110975,-1019.6511908094186,1100.7474681067663
IL6_JAK_STAT3,9,104,5228.586924937599,4360.205420371882,-868.3815045657186,976.60402916927
IL6_JAK_STAT3,10,104,5400.194588741364,4712.070883203036,-688.1237055383275,884.6661976502334
P53_Pathway,1,104,1235.7200264213689,883.5119692720782,-352.2080571492904,1406.2179621325793
P53_Pathway,2,104,3047.7634744654206,1788.5618471308114,-1259.2016273346094,1621.0016718780182
P53_Pathway,3,104,3343.8740279287426,2091.5700724647245,-1252.3039554640184,1426.5073254970646
P53_Pathway,4,104,3504.963718464336,2282.917556007563,-1222.0461624567736,1337.656459568227
P53_Pathway,5,104,3673.1884138485543,2410.004721911411,-1263.183691937144,1327.6606605957147
P53_Pathway,6,103,3693.00976028459,2528.0929441126214,-1164.9168161719685,1212.3283611013483
P53_Pathway,7,104,3601.0010166375073,2638.09532109924,-962.9056955382677,1111.8294737099159
P53_Pathway,8,104,3616.9285841423184,2757.639846989933,-859.2887371523847,965.5562044383497
P53_Pathway,9,104,3671.8755508234094,2927.843197862131,-744.0323529612783,915.6271936509258
P53_Pathway,10,104,3814.8494376832346,3222.0001919132987,-592.8492457699359,733.9463563643042
DNA_Damage_Response,1,104,1806.43797399958,1197.7095348213054,-608.7284391782749,1106.423679944798
DNA_Damage_Response,2,104,2566.878535089533,1758.62308283936,-808.2554522501731,1359.897169471255
DNA_Damage_Response,3,104,3148.637952573482,2064.011709876016,-1084.6262426974656,1373.5124698245088
DNA_Damage_Response,4,104,3218.8090828900176,2287.6677969438733,-931.1412859461451,1186.8312060362678
DNA_Damage_Response,5,104,3498.0579933130725,2462.8275671159913,-1035.230426197082,1241.247502909424
DNA_Damage_Response,6,103,3510.450191023935,2638.568032975741,-871.8821580481944,1165.88957061213
DNA_Damage_Response,7,104,3596.2253323450177,2824.6693224936516,-771.5560098513665,1017.6468766928563
DNA_Damage_Response,8,104,3694.0804995306235,3040.001410615682,-654.0790889149416,847.7102413148149
DNA_Damage_Response,9,104,3972.228155908454,3277.6193635688564,-694.6087923395982,867.0197331474794
DNA_Damage_Response,10,104,3940.3910419435656,3711.31982847773,-229.07121346583565,617.8977894808596
Complement,1,104,-593.6174403843388,-2769.744335356755,-2176.1268949724163,2228.0355032405664
Complement,2,104,165.21637008775002,-2226.0922509637367,-2391.308621051487,2471.6364109923834
Complement,3,104,524.6841457325337,-1874.9471077903834,-2399.631253522917,2494.747138736849
Complement,4,104,678.560863326941,-1607.7775911285867,-2286.3384544555274,2358.2585794163824
Complement,5,104,711.5224867464917,-1376.387985439281,-2087.9104721857725,2199.961976159074
Complement,6,103,946.6427853894454,-1133.1451032103473,-2079.7878885997934,2220.3668402462326
Complement,7,104,1144.7923374289953,-810.8643399926425,-1955.656677421638,2079.481734402423
Complement,8,104,1196.4099057801936,-445.7853851271712,-1642.1952909073646,1857.5389788450932
Complement,9,104,1017.3122462141247,19.764634199852637,-997.547612014272,1573.5907202037913
Complement,10,104,1430.2293656184631,1045.4293481252364,-384.80001749322696,1103.7919693167985
Coagulation,1,104,-1042.6368607215009,-1507.6103417662225,-464.9734810447216,659.9833175634186
Coagulation,2,104,-897.8817115360949,-1226.7685388947634,-328.88682735866837,538.630266242157
Coagulation,3,104,-950.2206678499618,-1046.1001289200487,-95.87946107008709,460.4863163062321
Coagulation,4,104,-985.8760252437435,-897.108974371668,88.76705087207571,508.485426611468
Coagulation,5,104,-687.0710444738016,-761.9056699666992,-74.83462549289743,448.2172500951106
Coagulation,6,103,-707.7128730432804,-651.1687787200875,56.5440943231929,513.5641381017886
Coagulation,7,104,-703.3791654779761,-498.0044282668356,205.3747372111406,614.6497173445671
Coagulation,8,104,-512.7758482074788,-322.38042813912483,190.395420068354,615.4820600704162
Coagulation,9,104,-82.25214400496462,-139.32955682659835,-57.07741282163374,587.2106043806608
Coagulation,10,104,3.005872385387162,185.26960420391504,182.26373181852782,584.1721086357003
Oxidative_Phosphorylation,1,104,1498.4682697434428,2166.1474888505486,667.6792191071054,1510.42345005239
Oxidative_Phosphorylation,2,104,4333.488336052278,3743.765146949421,-589.7231891028576,1260.396045196606
Oxidative_Phosphorylation,3,104,5051.498439983822,4477.461714972028,-574.0367250117936,930.5777176736028
Oxidative_Phosphorylation,4,104,5213.733166540792,4858.708342070231,-355.0248244705602,661.9273710092643
Oxidative_Phosphorylation,5,104,5466.165482988153,5124.505085829003,-341.6603971591499,524.3733805151896
Oxidative_Phosphorylation,6,103,5676.169116859878,5331.328634184603,-344.84048267527476,472.09867273819157
Oxidative_Phosphorylation,7,104,5599.787986556465,5499.071822413442,-100.71616414302326,416.98344795509536
Oxidative_Phosphorylation,8,104,5614.321823895755,5716.9246538966445,102.60283000088947,423.78980116501197
Oxidative_Phosphorylation,9,104,5744.05426121995,5944.321335102151,200.26707388220262,347.1581138679619
Oxidative_Phosphorylation,10,104,5902.173370115938,6310.656921045268,408.4835509293305,475.4283214327403
Reactive_Oxygen_Species,1,104,3543.3454331486832,2857.5541831384025,-685.7912500102801,1079.9284717814944
Reactive_Oxygen_Species,2,104,4117.966397747995,3241.9500756699217,-876.0163220780736,1116.5672647451586
Reactive_Oxygen_Species,3,104,4256.526650576468,3384.6906685953563,-871.835981981111,1008.693974337038
Reactive_Oxygen_Species,4,104,4381.918965686506,3511.6949995729883,-870.223966113518,951.8770056969812
Reactive_Oxygen_Species,5,104,4313.902819662151,3606.197144431653,-707.7056752304986,941.2789056971968
Reactive_Oxygen_Species,6,103,4386.828726779725,3689.444440759383,-697.3842860203417,837.3014479453791
Reactive_Oxygen_Species,7,104,4411.23452974915,3783.8451253129806,-627.3894044361691,773.7116762566553
Reactive_Oxygen_Species,8,104,4318.834728569693,3882.383389053016,-436.4513395166766,682.9242779757719
Reactive_Oxygen_Species,9,104,4288.941568314873,4017.958325714811,-270.9832426000616,566.5098060234242
Reactive_Oxygen_Species,10,104,4463.46353228541,4274.745039204809,-188.71849308060263,596.2876870785994
Wound_Healing,1,104,2654.1632723171956,2027.1779762478675,-626.9852960693286,927.2215223890187
Wound_Healing,2,104,3288.471707736325,2647.1840728870684,-641.2876348492565,944.2224259171851
Wound_Healing,3,104,3420.647395731665,3096.9681434868307,-323.67925224483406,981.1397144514674
Wound_Healing,4,104,3522.368853681231,3446.7321734500456,-75.63668023118542,853.6455622812298
Wound_Healing,5,104,3920.396598790612,3701.226889234138,-219.16970955647474,828.0300780590795
Wound_Healing,6,103,4092.006898495208,3950.1487560275036,-141.85814246770272,871.4128477669285
Wound_Healing,7,104,4505.734911365479,4179.11790421167,-326.6170071538097,724.7204166613168
Wound_Healing,8,104,4576.2903384363135,4459.9963023594655,-116.29403607684812,706.5373963839405
Wound_Healing,9,104,4934.94312041933,4823.097332659724,-111.84578775960591,682.9687271960063
Wound_Healing,10,104,5393.52085652815,5495.4086180112345,101.88776148308487,569.9934752655874
Fibrosis,1,104,2522.642538398527,2164.788731274436,-357.8538071240906,1105.7254582988874
Fibrosis,2,104,3238.0501346158676,3082.775300400159,-155.27483421570838,1254.921660637539
Fibrosis,3,104,3980.7469712014063,3760.1006300867843,-220.64634111462203,1104.0725160960358
Fibrosis,4,104,4377.109124180637,4325.19062327186,-51.918500908776736,1253.9035979980108
Fibrosis,5,104,4815.463938447143,4743.311451818476,-72.15248662866765,1398.323599531979
Fibrosis,6,103,5111.454462895914,5087.215734570038,-24.238728325875147,1214.7704610745216
Fibrosis,7,104,5618.602376518545,5420.114076436303,-198.4883000822413,1009.6767287949731
Fibrosis,8,104,5993.327336635199,5838.286527346934,-155.04080928826463,901.5446124984862
Fibrosis,9,104,6596.561871981331,6350.193725330034,-246.36814665129788,804.3233920989818
Fibrosis,10,104,7094.2267449502815,7351.558673150605,257.33192820032247,727.6634585485759
MYC_Targets,1,104,2000.0797771964599,1379.001090859439,-621.0786863370207,2051.890176592543
MYC_Targets,2,104,5311.16948804556,3821.0528161806,-1490.1166718649586,1702.7071643149427
MYC_Targets,3,104,5690.093895047337,4551.614924843938,-1138.4789702034,1149.2159254191715
MYC_Targets,4,104,5790.061744748212,4900.5600674160005,-889.5016773322119,951.6118388352347
MYC_Targets,5,104,5993.769532072211,5152.267764776879,-841.501767295332,931.8172117955966
MYC_Targets,6,103,5961.4988426931195,5355.267924556416,-606.2309181367036,834.1039483880475
MYC_Targets,7,104,6193.094391511202,5555.870901630753,-637.2234898804509,767.1109014858775
MYC_Targets,8,104,6269.523590838538,5778.674997668971,-490.84859316956766,615.0140381015061
MYC_Targets,9,104,6306.542784637781,6032.2230179906055,-274.3197666471743,443.1535994999418
MYC_Targets,10,104,6518.641970005385,6454.760265360052,-63.881704645332505,375.9653159165951
E2F_Targets,1,104,1591.9595289721901,1154.6299312501828,-437.3295977220077,1240.0358952910644
E2F_Targets,2,104,3359.328890912041,2056.1090575947946,-1303.2198333172464,1781.8964288577722
E2F_Targets,3,104,3922.671723040043,2570.525581292628,-1352.1461417474156,1552.6498563467687
E2F_Targets,4,104,4391.043182529886,2950.2404362815582,-1440.802746248327,1615.7874496109139
E2F_Targets,5,104,4313.105318468145,3247.293293701308,-1065.8120247668367,1259.1833117544554
E2F_Targets,6,103,4594.922599083818,3491.4563207397805,-1103.4662783440372,1291.4101564867617
E2F_Targets,7,104,4530.913282603541,3766.3348552501598,-764.5784273533817,1170.9140595034025
E2F_Targets,8,104,4877.733471634829,4011.6250969257726,-866.1083747090556,974.382721969468
E2F_Targets,9,104,5008.993255270513,4320.403348145703,-688.5899071248107,862.7974971232468
E2F_Targets,10,104,5108.49165594959,4846.5099528026085,-261.9817031469812,549.9444635866058
G2M_Checkpoint,1,104,593.4615791464471,-20.55022327401184,-614.011802420459,1424.1158729598806
G2M_Checkpoint,2,104,2575.5957978727843,986.7075373786946,-1588.8882604940898,2389.565146537133
G2M_Checkpoint,3,104,3648.064439767262,1578.65218679741,-2069.4122529698516,2382.8760592239264
G2M_Checkpoint,4,104,3965.74568145946,2043.096355533522,-1922.6493259259378,2173.42974373118
G2M_Checkpoint,5,104,4277.734154622584,2379.811415939516,-1897.9227386830685,2051.848154978451
G2M_Checkpoint,6,103,4452.5442766809765,2663.815504142533,-1788.7287725384438,1860.288603047634
G2M_Checkpoint,7,104,4872.990369114947,2976.5926957082856,-1896.3976734066603,1939.4175450278244
G2M_Checkpoint,8,104,4925.3716961581995,3329.708009011578,-1595.6636871466208,1875.7717694549922
G2M_Checkpoint,9,104,5376.486108531491,3775.343680711818,-1601.1424278196735,1635.173814938689
G2M_Checkpoint,10,104,5530.624828911722,4409.88219791975,-1120.7426309919724,1259.7388895606155
Mitotic_Spindle,1,104,552.8742096721983,29.53561608361188,-523.3385935885864,1298.1537436187793
Mitotic_Spindle,2,104,2050.846698421694,844.3979545037989,-1206.4487439178952,1926.034330606145
Mitotic_Spindle,3,104,2876.733779586578,1331.6052231067474,-1545.1285564798304,1954.840498871348
Mitotic_Spindle,4,104,3320.675756884983,1712.1246662838635,-1608.5510906011195,1777.1739914668242
Mitotic_Spindle,5,104,3191.8518003919185,1991.9265909915493,-1199.9252094003689,1485.0766174168066
Mitotic_Spindle,6,103,3677.1370841368057,2235.1251505075065,-1442.0119336292998,1565.0946787478517
Mitotic_Spindle,7,104,3864.434960507836,2494.8415202304523,-1369.5934402773835,1508.529261897078
Mitotic_Spindle,8,104,4118.153726888863,2811.0883739625806,-1307.0653529262822,1604.8537869968097
Mitotic_Spindle,9,104,4338.492371168176,3153.6357643173988,-1184.8566068507778,1303.003077890392
Mitotic_Spindle,10,104,4489.480883902699,3695.7027130315732,-793.7781708711261,983.3505496790299
Unfolded_Protein_Response,1,104,3057.2278447600743,2717.941046254256,-339.28679850581864,1650.9492433555808
Unfolded_Protein_Response,2,104,4501.059763366857,3725.5748695693733,-775.4848937974832,1196.3239821565326
Unfolded_Protein_Response,3,104,4792.594933656646,3965.4803082832873,-827.1146253733589,1115.0416631418134
Unfolded_Protein_Response,4,104,4849.30782565228,4104.815831407061,-744.4919942452193,911.4669297408528
Unfolded_Protein_Response,5,104,4826.1967332262375,4255.805019272389,-570.3917139538496,915.7010512621757
Unfolded_Protein_Response,6,103,5095.931181965022,4407.764799593725,-688.1663823712973,940.7124257335627
Unfolded_Protein_Response,7,104,5215.503177840428,4557.758070715607,-657.745107124822,984.7125490995987
Unfolded_Protein_Response,8,104,5314.7742289427015,4704.86113526997,-609.9130936727307,816.1667014541971
Unfolded_Protein_Response,9,104,5397.686788699483,4882.293503969545,-515.3932847299374,821.1239535845557
Unfolded_Protein_Response,10,104,5772.518595622561,5273.439345893387,-499.0792497291728,733.1844536263956
mTOR_Signaling,1,104,1566.5322936847483,1604.7392833602453,38.20698967549679,1048.5289312635068
mTOR_Signaling,2,104,2987.4359891277254,2678.001660161448,-309.4343289662781,1006.6357405300813
mTOR_Signaling,3,104,3680.8625650690406,3104.1297543403803,-576.7328107286601,967.8838937782591
mTOR_Signaling,4,104,3872.1817975637973,3350.3316197855434,-521.8501777782539,782.2574387107603
mTOR_Signaling,5,104,3971.1916222645136,3521.9850884747398,-449.2065337897739,795.971048563415
mTOR_Signaling,6,103,4034.516108401601,3668.7785927359732,-365.7375156656282,614.4397155730206
mTOR_Signaling,7,104,4077.033527440666,3812.2441702904207,-264.78935715024585,615.1259498741782
mTOR_Signaling,8,104,4241.709571295343,3962.8440647042826,-278.86550659106126,504.18679362772957
mTOR_Signaling,9,104,4133.427512597923,4116.367995114066,-17.059517483857217,533.5686718375912
mTOR_Signaling,10,104,4252.654623857813,4399.895555981695,147.24093212388135,480.57438721471533
Interferon_Alpha,1,104,4157.514997949963,1956.8414412922475,-2200.673556657715,2316.716487577978
Interferon_Alpha,2,104,4848.544883779331,2431.0182576656653,-2417.5266261136658,2467.712140862918
Interferon_Alpha,3,104,4558.352123683364,2682.260445612073,-1876.0916780712914,2007.4497052659306
Interferon_Alpha,4,104,4999.231709968084,2901.882646336263,-2097.3490636318206,2126.725958196243
Interferon_Alpha,5,104,4944.518540498104,3054.92484892583,-1889.5936915722743,1998.0694368291247
Interferon_Alpha,6,103,5030.249609858103,3208.2080061818147,-1822.0416036762895,1929.8020947187836
Interferon_Alpha,7,104,5076.888623926139,3347.059891105755,-1729.828732820385,1803.6463672346367
Interferon_Alpha,8,104,5077.8446527568,3529.5215434943852,-1548.323109262414,1660.2700591368416
Interferon_Alpha,9,104,5020.2791960698,3723.607268487909,-1296.67192758189,1447.7921780243014
Interferon_Alpha,10,104,5101.659485185392,4070.858560117275,-1030.800925068118,1288.758097723339
Angiogenesis,1,104,20.165397527655543,9.39531620596098,-10.770081321694564,665.7159601667224
Angiogenesis,2,104,119.18404679530096,467.5016317985859,348.317585003285,787.1362981858609
Angiogenesis,3,104,173.15377000060906,740.6037097391581,567.4499397385491,889.8091997644792
Angiogenesis,4,104,294.9015437023097,979.477489738602,684.5759460362922,1063.10853264488
Angiogenesis,5,104,302.7012623529727,1193.387566959847,890.6863046068743,1172.2074750471975
Angiogenesis,6,103,377.9695630777903,1415.2247220317588,1037.255158953968,1363.1381802667981
Angiogenesis,7,104,990.7151144099225,1699.145086471909,708.4299720619864,1385.1981941339993
Angiogenesis,8,104,1114.2769210473334,2053.6153555730893,939.3384345257557,1504.3282871933484
Angiogenesis,9,104,2210.7025494975455,2565.7637138295013,355.0611643319554,1718.7832283048158
Angiogenesis,10,104,3867.455391514293,3728.656343975653,-138.7990475386396,1632.5323620796496
Apoptosis,1,104,1490.635404080573,1114.8221514097172,-375.81325267085555,990.3170240596994
Apoptosis,2,104,2280.6866977682835,1808.3340926459637,-472.3526051223199,998.772620399081
Apoptosis,3,104,2478.3530405145825,2037.468492512014,-440.8845480025681,885.3963895303024
Apoptosis,4,104,2669.903328553284,2179.7525549615148,-490.1507735917698,907.8909836173323
Apoptosis,5,104,2770.938839515802,2297.6856712042204,-473.2531683115818,801.0682605757063
Apoptosis,6,103,2687.1745854820847,2417.4802557158823,-269.69432976620254,745.2743954845939
Apoptosis,7,104,2710.5214746464453,2540.4937223705883,-170.02775227585695,636.3812890826126
Apoptosis,8,104,2829.32428532287,2658.5832247286226,-170.7410605942468,567.2020640834091
Apoptosis,9,104,2850.696519229323,2795.395587160045,-55.300932069278254,600.0823019669348
Apoptosis,10,104,3007.962866677743,3097.160909228631,89.19804255088813,543.1158510765243
TNF_Signaling,1,104,677.965685906958,-302.708764319055,-980.674450226013,1642.6744651619147
TNF_Signaling,2,104,1674.7698619951675,301.3942311254686,-1373.3756308696986,1547.675488807215
TNF_Signaling,3,104,1726.3856360991228,538.1565526816121,-1188.2290834175105,1454.8245810906215
TNF_Signaling,4,104,1779.863324332861,726.7458286227281,-1053.117495710133,1289.5404381349738
TNF_Signaling,5,104,1887.3588878710132,919.5609030949342,-967.7979847760793,1315.346885107127
TNF_Signaling,6,103,1863.6836319474064,1124.3737732047791,-739.3098587426283,1160.0179247542421
TNF_Signaling,7,104,2231.6098150682174,1331.5606301459013,-900.0491849223157,1335.7097457215468
TNF_Signaling,8,104,2202.8533646574706,1543.189862431624,-659.6635022258469,1291.040946801114
TNF_Signaling,9,104,2225.46649748519,1806.2789913244378,-419.1875061607517,1236.0164025969475
TNF_Signaling,10,104,2418.339733383033,2461.8616873076044,43.52195392457137,1284.4480371312986
ECM_Organization,1,104,3117.442691419361,3192.8253021009104,75.38261068154921,1041.4023589465464
ECM_Organization,2,104,4317.897675630491,4226.324145397025,-91.57353023346612,1280.5421589606208
ECM_Organization,3,104,4771.401888167428,5024.53966310194,253.1377749345124,1351.0942758123633
ECM_Organization,4,104,5404.655055200516,5631.345413502232,226.6903583017156,1278.3954683991308
ECM_Organization,5,104,5870.428917595266,6080.839628282263,210.41071068699665,1374.11725139299
ECM_Organization,6,103,6391.20994322666,6463.058132866854,71.8481896401918,1122.7546672556387
ECM_Organization,7,104,6756.821757051502,6813.1833061051775,56.36154905367576,1015.8873626652531
ECM_Organization,8,104,7192.179153474301,7198.314582341487,6.135428867185711,872.1663978808023
ECM_Organization,9,104,7618.389689352059,7759.424202425188,141.03451307312906,705.0193017509905
ECM_Organization,10,104,8095.320593236855,8689.467576998253,594.1469837613972,741.325732483523
